name_zh,name_pinyin,gate_category,subcategory,four_qi,five_flavors,meridians,primary_functions,indications,constitutions_suitable,constitutions_caution,contraindications,seasonality,prep_methods,pairing_good,pairing_bad,dietary_dosage,medicinal_dosage,modern_notes,source_ref
三七,san qi,中药材,补益,凉,辛咸、咸,肾;肝;肺;脾;胃;胆;心;小肠,化瘀止血;消肿定痛,外伤出血;瘀痛,气虚、阳虚、阴虚、平和、痰湿,过量慎用；适量使用;忌过量,阴虚火旺慎；脾虚湿盛慎；孕妇慎；实热内盛慎,四季,煎服/冲服/炙用/研末/先煎/外用/煲汤/后下/泡饮/炖煮,姜;枣;米;枸杞;红枣;蜂蜜,油腻;辛辣,——,6-15g/日,药食两用：具补益、安神或抗疲劳作用。；稀有/名贵药材或补益品，适合体虚调养与药膳配伍。,《本草纲目》要点/现代药理参考
丝瓜,si gua,食材,蔬菜,凉,甘,肝;胃,清热化痰;凉血解毒,热病;痰喘;痈肿,湿热、痰湿,适量为宜,脾胃虚寒慎,夏、秋,清炒/煮汤,鸡蛋;虾仁;蛤蜊,白萝卜,100-200g/餐,——,营养成分丰富，含氨基酸、多糖及微量元素。,《本草纲目》要点/现代药理参考
丹参,dan shen,中药材,安神,寒,苦甘、辛,肾;肝;肺;脾;胃;心;胆;小肠,活血祛瘀;凉血安神;清心除烦,心悸失眠;痛经;胸痹心痛;失眠,血虚、气滞、痰湿、阳虚、阴虚,过量慎用；适量使用;忌过量,实热内盛慎；阴虚火旺慎；孕妇慎；脾虚湿盛慎,四季,炙用/生食/先煎/泡茶/煲汤/煎服/冲服/后下/外用/研末/泡饮/炖煮,姜;枣;米;枸杞;红枣;蜂蜜;红花;川芎;当归;桃仁,油腻;辛辣,——,6-15g/日,药食两用：具补益、安神或抗疲劳作用。；稀有/名贵药材或补益品，适合体虚调养与药膳配伍。,《本草纲目》要点/现代药理参考
丹皮,dan pi,中药材,安神,热、微温,酸涩、苦,脾;胃;肝;肾;肺;心;小肠;胆,清热凉血;活血散瘀,温热病;血热出血,痰湿、血虚、平和、湿热、气滞,过量慎用,阴虚火旺慎；孕妇慎；实热内盛慎；脾虚湿盛慎,四季,煎服/研末/煲汤/外用/冲服/生食/炙用/泡茶/后下/先煎,姜;枣;米,——,——,9-30g/日,药食两用：具清热、抗炎、调节代谢作用。,《本草纲目》要点/现代药理参考
乌梅,wu mei,中药材,木本花果类,凉,咸、苦,肺;脾;胃;心;肝;肾;小肠;胆,敛肺生津;安蛔止泻,久咳虚喘;蛔厥腹痛,血虚、气滞、平和、痰湿、湿热,过量慎用,阴虚火旺慎；脾虚湿盛慎；孕妇慎；实热内盛慎,四季,外用/生食/泡茶/炙用/煲汤/先煎/冲服/后下/研末,姜;枣;米,——,——,1-3g/日,兼具药理与传统用途：具清热、止痛、抗菌或收敛作用。,《本草纲目》要点/现代药理参考
乌药,wu yao,中药材,行气止痛,温,辛,肺;脾;肾;膀胱,行气止痛;温肾散寒,胸腹胀痛;寒疝腹痛;小便频数;遗尿,阳虚、气滞、平和,气虚、阴虚,气血虚而内热者慎;孕妇慎,四季,煎服/研末,当归;川芎;香附,——,——,3-9g/日,药食参考条目。具有行气、止痛、温肾作用。,《中国药典》/《本草纲目》
乌龙茶,wu long cha,食材,茶类,平,苦;甘,肝;胆;胃,消食化积;降脂,食积;高血脂,平和,适量饮用,——,四季,泡饮,——,——,5-8g/泡,——,半发酵茶，香气高雅，降脂效果好。,《茶经》/现代营养学
乳香,ru xiang,中药材,外用草药类,微温,辛咸、辛甘,心;小肠;肝;肾;肺;胆;脾;胃,活血止痛;消肿生肌,跌打损伤;疮疡,阳虚、阴虚、湿热、平和、气滞,适量使用;忌过量,孕妇慎；实热内盛慎；阴虚火旺慎；脾虚湿盛慎,四季,泡茶/煲汤/生食/煎服/外用/炖煮/蒸食/熬膏,姜;葱;米,辛辣;油腻,——,适量入菜,广泛用于日常食疗、药膳及复方中，兼具营养与药理特性。,《本草纲目》要点/现代药理参考
五加皮,wu jia pi,中药材,祛风除湿,温,辛;苦,肝;肾,祛风湿;补益肝肾;强筋骨,风寒湿痹;腰膝酸软;筋骨痿软,阳虚、气滞、平和,阴虚火旺,阴虚火旺者慎,四季,煎服/泡酒,杜仲;牛膝,——,——,6-12g/日,药食参考条目。具祛风湿、强筋骨作用。,《中国药典》/《神农本草经》
五味子,wu wei zi,中药材,温里,温、寒,酸、辛甘,肝;肾;肺;脾;胃;胆;心;小肠;大肠,敛肺止咳;涩精止泻,久咳虚喘;滑精,阴虚、气虚、湿热、痰湿、气滞,过量慎用,实热内盛慎；孕妇慎；阴虚火旺慎；脾虚湿盛慎；高尿酸慎,四季,研末/后下/外用/泡茶/冲服/煲汤/生食/炙用/煎服/先煎/研末冲服/包煎,姜;枣;米;五味子,——,——,100-250g/餐,药食两用：具补益、安神或抗疲劳作用。；常用药理特性：具免疫调节、抗炎、抗氧化等作用。,《本草纲目》要点/现代药理参考
五指毛桃,wu zhi mao tao,中药材,补益,凉、平,咸、辛甘,肝;肾;肺;心;脾;小肠;胃;胆,健脾祛湿;益气固表,脾虚气弱;水肿,气滞、血虚、阴虚、气虚、痰湿,适量使用;忌过量,阴虚火旺慎；孕妇慎；实热内盛慎；脾虚湿盛慎,四季,生食/泡饮/研末/泡茶/外用/煎服/煲汤/炖煮,枸杞;红枣;蜂蜜,油腻;辛辣,——,3-9g/日,稀有/名贵药材或补益品，适合体虚调养与药膳配伍。,《本草纲目》要点/现代药理参考
人参,ren shen,中药材,清热,温,苦、淡,心;肝;脾;肾;胃;肺;胆;小肠;膀胱;大肠,大补元气;生津安神,气虚欲脱;脾肺气虚,阳虚、血虚、阴虚、平和、痰湿,过量慎用,孕妇慎；阴虚火旺慎；实热内盛慎；脾虚湿盛慎；高尿酸慎,四季,冲服/炙用/煲汤/泡茶/外用/煎服/后下/先煎/研末冲服,人参,——,——,9-30g/日,常用药理特性：具免疫调节与抗炎作用。；常用药理特性：具免疫调节、抗炎、抗氧化等作用。,《本草纲目》要点/现代药理参考
人参花,ren shen hua,中药材,安神,热,辛、苦甘,肺;脾;胃;心;小肠;肝;胆;肾,益气安神;清心,心悸失眠;体虚,气虚、平和、痰湿、阳虚、气滞,适量使用;忌过量,实热内盛慎；阴虚火旺慎；脾虚湿盛慎；孕妇慎,四季,外用/炖煮/煲汤/泡饮/泡茶/炙用,枸杞;红枣;蜂蜜,油腻;辛辣,——,15-60g/日,稀有/名贵药材或补益品，适合体虚调养与药膳配伍。,《本草纲目》要点/现代药理参考
佩兰,pei lan,中药材,民间草药类,微温,酸涩、苦甘,肝;肾;肺;心;脾;胆;小肠;胃,芳香化湿;醒脾开胃,口臭;胸闷,平和、湿热、气虚、气滞、阴虚,过量慎用；适量使用;忌过量,阴虚火旺慎；脾虚湿盛慎；实热内盛慎；孕妇慎,四季,先煎/煎服/泡茶/煲汤/后下/冲服/炙用/外用/凉拌/蒸食/烹饪/炖煮/泡饮/煮粥,姜;枣;米;红枣,辛辣;油腻,——,3-9g/日,药食两用：具清热、抗炎、调节代谢作用。；常见食疗与草药条目，兼具调理与保健价值。,《本草纲目》要点/现代药理参考
兔肉,tu rou,动物类,畜肉,凉,甘,肝;大肠,补中益气;凉血解毒,消渴;便血,阴虚、湿热,适量为宜,阳虚慎;孕妇慎,秋、冬,炒/炖/烤,枸杞;山药,鸡蛋;姜;芹菜,100-150g/餐,——,营养成分丰富，含氨基酸、多糖及微量元素。,《本草纲目》要点/现代药理参考
党参,dang shen,中药材,补益,寒,甘、苦甘,肝;胆;肺;脾;胃;心;小肠;肾,补中益气;健脾益肺,气短乏力;食少便溏,平和、气虚、痰湿、血虚、阳虚,过量慎用；适量使用;忌过量,脾虚湿盛慎；孕妇慎；实热内盛慎；阴虚火旺慎,四季,研末/煎服/泡茶/炙用/外用/先煎/后下/生食/煲汤/炖煮/泡饮,姜;枣;米;枸杞;红枣;蜂蜜,油腻;辛辣,——,9-30g/日,药食两用：具补益、安神或抗疲劳作用。；稀有/名贵药材或补益品，适合体虚调养与药膳配伍。,《本草纲目》要点/现代药理参考
党参炖鸡,dang shen dun ji,食材,药膳饮品类,平,甘,脾;肺,气虚乏力;食少,脾;肺,痰湿、血虚、阴虚、平和、气滞,孕期慎用;适量为宜,脾虚湿盛慎；阴虚火旺慎；孕妇慎；实热内盛慎,四季,炖煮,枸杞;红枣;桂圆,过量酒精,适量,6-15g/日,药膳或滋补饮品原料，适宜体虚调养及季节性食疗。,《本草纲目》要点/现代药理参考
八角,ba jiao,中药材,调味香料类,凉,辛甘、辛,肝;肾;肺;脾;胃;胆;心;小肠,温中理气;祛寒止痛,腹冷胀痛;呕吐,阳虚、阴虚、气虚、痰湿、湿热,适量为宜;忌过食,实热内盛慎；孕妇慎；脾虚湿盛慎；阴虚火旺慎,四季,外用/研末/泡酒/泡茶/煎服/炖煮/煲汤/冲泡/香料/生食,姜;枸杞;蜂蜜,酒精;油炸,——,9-30g/日,兼具药理与生活应用价值，可入茶、入膳或泡酒使用。,《本草纲目》要点/现代药理参考
冬瓜,dong gua,食材,蔬菜,凉,甘、淡,肺;大肠;膀胱,利水消肿;清热解毒,水肿;暑热;痰热咳嗽,痰湿、湿热、平和,适量为宜;忌过食,脾胃虚寒慎;肾虚者慎,夏、秋,煮汤/清炒/炖煮/凉拌,薏米;海带;鸭肉;莲子;排骨,醋;鲫鱼,150-250g/餐,——,营养成分丰富，含氨基酸、多糖及微量元素。,《本草纲目》要点/现代药理参考
冬虫夏草,dong chong xia cao,中药材,补阳,温,甘,肺;肾,补肾益肺;止血化痰,肾虚阳痿;肺虚久咳,阳虚、气虚,适量为宜,实热慎;阴虚火旺慎,四季,炖/泡酒,鸭肉;乌鸡;枸杞,萝卜,2-3g/日,3-9g/日,药食两用：具补益、安神或抗疲劳作用。,《本草纲目》要点/现代药理参考
冰片,bing pian,中药材,外用草药类,平,咸、甘,肾;肝;肺;心;脾;胃;小肠;胆,清热止痛;开窍,喉痛;头痛,气滞、湿热、阴虚、阳虚、气虚,适量使用;忌过量,脾虚湿盛慎；实热内盛慎；阴虚火旺慎；孕妇慎,四季,蒸食/炖煮/煲汤/生食/煎服/熬膏/泡茶/外用,姜;葱;米,辛辣;油腻,——,1-3g/日,广泛用于日常食疗、药膳及复方中，兼具营养与药理特性。,《本草纲目》要点/现代药理参考
决明子,jue ming zi,中药材,解表,凉,辛甘、苦,肾;肝;肺;脾;胃;胆;心;小肠,清肝明目;润肠通便,目赤肿痛;便秘,痰湿、气虚、阴虚、气滞、平和,过量慎用,孕妇慎；脾虚湿盛慎；实热内盛慎；阴虚火旺慎,四季,泡茶/煲汤/研末/煎服/先煎/生食/外用/冲服/炙用/后下,姜;枣;米,——,——,1-3g/日,药食两用：具清热、抗炎、调节代谢作用。,《本草纲目》要点/现代药理参考
刘寄奴,liu ji nu,中药材,活血祛瘀,温,苦;辛,肝,活血通经;止痛止血,瘀血疼痛;经闭痛经,血瘀,孕妇慎,——,四季,煎服,——,——,——,6-12g/日,活血相关研究,中医方药
刺五加,ci wu jia,食材,野菜山珍类,温,甘辛,脾;肾,益气健脾;补肾安神,体虚劳倦;失眠,气虚、平和、血虚,新鲜适量食用,脾虚湿盛慎；实热内盛慎；孕妇慎；阴虚火旺慎,四季,煮汤/泡茶,姜;蒜;香油,辛辣;油炸,适量,3-9g/日,山野食材兼具养生与食疗价值，富含氨基酸与多糖。,《本草纲目》要点/现代药理参考
半夏,ban xia,中药材,祛风湿,微温,苦甘、甘酸,心;小肠;肾;肝;脾;肺;胃;大肠,燥湿化痰;降逆止呕,痰湿咳嗽;恶心呕吐,气滞、阳虚、平和、湿热、阴虚火旺,过量慎用,脾虚湿盛慎；实热内盛慎；高尿酸慎,四季,煲汤/煎服/外用/后下/泡茶/包煎/研末冲服/冲服,半夏,——,——,9-30g/日,常用药理特性：具免疫调节、抗炎、抗氧化等作用。,《本草纲目》要点/现代药理参考
半枝莲,ban zhi lian,中药材,民间草药类,温,甘酸、辛咸,肝;胆;脾;胃;肾;肺;心;小肠,清热解毒;活血化瘀,肿毒;跌打,气虚、湿热、气滞、阳虚,适量使用;忌过量,阴虚火旺慎；孕妇慎；脾虚湿盛慎；实热内盛慎,四季,泡饮/蒸食/煲汤/煎服/炖煮/烹饪/煮粥/凉拌,姜;米;红枣,辛辣;油腻,——,10-50g/日,常见食疗与草药条目，兼具调理与保健价值。,《本草纲目》要点/现代药理参考
南瓜,nan gua,食材,蔬菜,温,甘,脾;胃,补中益气;驱虫,气虚;虫积,血虚、气滞、湿热、痰湿、阴虚,适量为宜;忌过食,脾虚湿盛慎；实热内盛慎；孕妇慎；阴虚火旺慎,四季,蒸/煮,姜;枸杞;山药,酒精;油炸,150-250g/餐,——,营养学与食疗结合：具降脂、抗氧化、清热等功效。,《本草纲目》要点/现代药理参考
厚朴,hou po,中药材,行气燥湿,温,苦;辛,脾;胃;肺;大肠,燥湿消痰;下气除满,湿阻中焦;脘腹胀满;食积气滞;痰壅喘咳,痰湿、湿热、气滞、平和,气虚、阴虚,孕妇慎用;气虚津亏者慎,四季,煎服/姜炙,苍术;陈皮;枳实,——,——,3-9g/日,药食参考条目。用于燥湿、行气、消积。,《中国药典》/《神农本草经》
土茯苓,tu fu ling,中药材,解毒利湿,平,甘;淡,肝;胃,解毒;利湿通淋,湿热黄疸;淋浊带下,湿热,阴虚津亏慎,——,四季,煎服,——,——,——,15-30g/日,祛湿解毒研究,中医方药
地骨皮,di gu pi,中药材,清热解毒,温、寒,苦、酸,心;肝;脾;小肠;肾;胃;肺;胆;大肠;膀胱,凉血退蒸;清泻肺热,骨蒸劳热;咳嗽,血虚、气滞、平和、痰湿、湿热,过量慎用,阴虚火旺慎；实热内盛慎；孕妇慎；脾虚湿盛慎；高尿酸慎,四季,后下/煎服/煲汤/生食/先煎/外用/泡茶/炙用/包煎/冲服,姜;枣;米;地骨皮,——,——,15-60g/日,药食两用：具清热、抗炎、调节代谢作用。；常用药理特性：具免疫调节、抗炎、抗氧化等作用。,《本草纲目》要点/现代药理参考
地黄,di huang,中药材,清热凉血,寒,甘;苦,心;肝;肾,清热凉血;养阴生津,热病烦渴;吐血衄血;阴虚内热;骨蒸劳热,阴虚、血虚、湿热,脾虚湿盛,脾虚泄泻;胃寒食少者慎,四季,煎服/鲜用/捣汁,麦冬;玄参,萝卜;葱;蒜,——,9-15g/日,"此为""生地黄""的功效。与""熟地黄""不同。",《中国药典》/《神农本草经》
夏枯草,xia ku cao,中药材,清肝明目,寒,苦;辛,肝;胆,清肝火;散结消肿,目赤肿痛;瘰疬痰核,肝火上炎,脾胃虚寒慎,——,夏,煎服,——,——,——,9-15g/日,降压辅助研究,中医方药
夜交藤,ye jiao teng,中药材,养心安神,平,甘;微苦,心;肝,养心安神;祛风通络,心神不宁;失眠多梦;风湿痹痛;皮肤瘙痒,阴虚、血虚、平和,痰湿,烦躁多汗;体虚者慎,四季,煎服/外洗,酸枣仁;合欢皮,——,——,15-30g/日,药食参考条目。即何首乌的藤茎。,《本草纲目》/《开宝本草》
大枣,da zao,食材,果品,温,甘,脾;胃;心,补中益气;养血安神,脾虚食少;气血不足;失眠,气虚、血虚、阳虚,适量为宜;忌过食,痰湿体质慎;糖尿病慎,四季,生食/煮粥/煲汤/泡茶,枸杞;桂圆;山药;莲子;银耳;花生,海鲜;葱;萝卜,10-20g/日（3-5枚）,10-30g/日,食疗与营养兼顾：含多糖、黄酮、维生素等，具有抗氧化作用。,《本草纲目》要点/现代药理参考
大米,da mi,食材,谷物豆类,平,甘、苦,肝;肾;肺;脾;胃;心;小肠;胆,健脾和胃;益气生津;补中益气;和胃,脾胃虚弱;口干;食少便溏,痰湿、湿热、平和、阳虚、阴虚,适量使用;忌过量；新鲜适量;个体过敏慎,脾虚湿盛慎；孕妇慎；阴虚火旺慎；实热内盛慎；高尿酸慎；海鲜过敏慎,四季,凉拌/煮粥/烹饪/炖煮/泡饮/蒸食/煲汤/煎服/蒸饭,姜;米;红枣;生姜;枸杞;山药,辛辣;油腻;过量油炸,30-100g/日,——,常见食疗与草药条目，兼具调理与保健价值。；营养学参考：高蛋白/矿物质/多糖/不饱和脂肪酸。,《本草纲目》要点/现代药理参考
大蒜,da suan,食材,蔬菜,温,辛,脾;胃,解毒杀虫;温中消积,食积;腹胀,气滞、血虚、湿热、平和、阴虚,适量为宜;忌过食,阴虚火旺慎；脾虚湿盛慎；实热内盛慎；孕妇慎,四季,炒/生食,姜;枸杞;山药,酒精;油炸,100-200g/餐,——,营养学与食疗结合：具降脂、抗氧化、清热等功效。,《本草纲目》要点/现代药理参考
大虾,da xia,食材,海产类,微温,苦甘、辛咸,脾;胃;肺;心;肝;肾;小肠;胆,补肾壮阳;益气,肾虚阳痿;疲倦,痰湿、平和、阳虚、气虚、气滞,适量使用;忌过量,阴虚火旺慎；孕妇慎；实热内盛慎；脾虚湿盛慎,四季,炖煮/煲汤/熬膏/泡茶/外用/生食/蒸食,姜;葱;米,辛辣;油腻,100-200g/餐,——,广泛用于日常食疗、药膳及复方中，兼具营养与药理特性。,《本草纲目》要点/现代药理参考
大麦,da mai,食材,谷物,凉,甘、咸,脾;胃,和胃宽肠;消积,食积;脘腹胀满,痰湿、气滞,适量为宜,脾胃虚弱慎,四季,煮粥/炒制,红豆;薏米,——,30-60g/日,——,营养成分丰富，含氨基酸、多糖及微量元素。,《本草纲目》要点/现代药理参考
大黄,da huang,中药材,清热解毒,温,酸、苦,心;肝;脾;肾;肺;胃;小肠;胆,泻下攻积;清热解毒;活血祛瘀,实热便秘;血瘀痛症,痰湿、平和、气虚、血虚、阴虚,过量慎用,脾虚湿盛慎；阴虚火旺慎；实热内盛慎；孕妇慎,四季,炙用/泡茶/生食/冲服/外用/研末/煲汤/煎服/后下/先煎,姜;枣;米,——,——,15-60g/日,兼具药理与传统用途：具清热、止痛、抗菌或收敛作用。,《本草纲目》要点/现代药理参考
天门冬,tian men dong,中药材,养阴清肺,寒,甘;苦,肺;肾,养阴润燥;清肺生津,阴虚发热;燥咳痰粘;津伤口渴;肠燥便秘,阴虚、湿热、平和,阳虚、痰湿,脾胃虚寒泄泻者慎;外感风寒咳嗽者忌,四季,煎服/熬膏,麦冬;生地黄,——,——,6-12g/日,药食参考条目。滋阴润燥之力强。,《中国药典》/《神农本草经》
天麻,tian ma,中药材,安神,微温、凉,辛、苦甘,脾;胃;肝;肾;肺;胆;心;小肠,息风止痉;平肝潜阳,头晕目眩;惊风抽搐,平和、痰湿、阳虚、气滞、湿热,适量使用;忌过量,阴虚火旺慎；脾虚湿盛慎；孕妇慎；实热内盛慎,四季,生食/炙用/研末/炖煮/煲汤/泡饮/泡茶/煎服,枸杞;红枣;蜂蜜,油腻;辛辣,——,3-9g/日,稀有/名贵药材或补益品，适合体虚调养与药膳配伍。,《本草纲目》要点/现代药理参考
天麻炖鸽汤,tian ma dun ge tang,食材,药膳饮品类,平,甘,肝;肾;肺,头晕;虚劳,肝;肾;肺,血虚、阴虚、平和、痰湿、阳虚,孕期慎用;适量为宜,孕妇慎；实热内盛慎；脾虚湿盛慎；阴虚火旺慎,四季,炖煮,枸杞;红枣;桂圆,过量酒精,适量,6-15g/日,药膳或滋补饮品原料，适宜体虚调养及季节性食疗。,《本草纲目》要点/现代药理参考
女贞子,nu zhen zi,中药材,滋补肝肾,平,甘;苦,肝;肾,滋补肝肾;明目乌发,肝肾阴虚;腰膝酸软;须发早白;目暗不明,阴虚、血虚、平和,阳虚、痰湿,脾胃虚寒泄泻者慎,四季,煎服/熬膏/酒制,旱莲草;枸杞子,——,——,6-12g/日,药食参考条目。补阴而不腻，性平。,《中国药典》/《神农本草经》
姜,jiang;sheng jiang,食材,蔬菜,温,辛、苦,脾;胃;肺;心;小肠;肝;胆;肾,温中散寒;解表止呕,风寒感冒;呕吐;感冒,血虚、气虚、阳虚、平和、湿热,适量为宜;忌过食；适量使用;忌过量,实热内盛慎；脾虚湿盛慎；孕妇慎；阴虚火旺慎,四季,煮汤/泡茶/外用/煎服/熬膏/炖煮/生食/煲汤,姜;枸杞;山药;葱;米,酒精;油炸;辛辣;油腻,100-200g/餐,——,营养学与食疗结合：具降脂、抗氧化、清热等功效。；广泛用于日常食疗、药膳及复方中，兼具营养与药理特性。,《本草纲目》要点/现代药理参考
姜黄,jiang huang,中药材,调味香料类,凉、微温、寒,苦甘、辛,脾;胃;肾;肝;肺;胆;心;小肠,行气解郁;活血止痛,胸胁胀痛;关节疼痛,血虚、平和、阴虚、阳虚、湿热,适量为宜;忌过食,实热内盛慎；阴虚火旺慎；脾虚湿盛慎；孕妇慎,四季,生食/香料/外用/冲泡/炖煮/煲汤/研末/泡茶/煎服/泡酒,姜;枸杞;蜂蜜,酒精;油炸,——,适量入菜,兼具药理与生活应用价值，可入茶、入膳或泡酒使用。,《本草纲目》要点/现代药理参考
威灵仙,wei ling xian,中药材,祛风除湿,温,辛;咸,膀胱,通络止痛;祛风湿,风湿痹痛;骨节疼痛,风湿痹,气血虚弱慎,——,四季,煎服,——,——,——,5-10g/日,镇痛相关,中医方药
射干,she gan,中药材,清热解毒,寒,苦,肺,清热解毒;利咽消痰,热毒咽痛;喉痹;痰热咳嗽;痈肿疮毒,湿热、痰湿、平和,脾虚、阳虚,脾虚便溏者慎;孕妇慎,四季,煎服/研末,山豆根;牛蒡子,——,——,3-9g/日,药食参考条目。善清肺火，利咽喉。,《中国药典》/《神农本草经》
小白菜,xiao bai cai,食材,蔬菜,凉,甘,肺;胃,清热解毒;利肠胃,热毒;便秘,湿热、平和,适量为宜,脾胃虚寒慎,四季,炒/煮汤,香菇;豆腐,——,150-200g/餐,——,即青菜，性凉清热，适合夏季食用。,现代营养学
小米,xiao mi,食材,谷物豆类,平,甘咸、苦,脾;胃;肺;肝;肾;心;小肠;胆,健脾和胃;安神;安眠,食欲不振;失眠;产后体虚,平和、湿热、血虚、阴虚、阳虚,适量使用;忌过量；新鲜适量;个体过敏慎,孕妇慎；阴虚火旺慎；脾虚湿盛慎；实热内盛慎；高尿酸慎；海鲜过敏慎,四季,炖煮/烹饪/煎服/泡饮/蒸食/煲汤/煮粥,姜;米;红枣;生姜;枸杞;山药,辛辣;油腻;过量油炸,50-100g/餐,——,常见食疗与草药条目，兼具调理与保健价值。；营养学参考：高蛋白/矿物质/多糖/不饱和脂肪酸。,《本草纲目》要点/现代药理参考
小茴香,xiao hui xiang,中药材,温里,温,辛,肝;肾;脾;胃,散寒止痛;理气和胃,寒疝腹痛;胃寒呕吐,阳虚、气滞,适量为宜,阴虚火旺慎,四季,调味/煎服,猪肉;羊肉,——,3-6g/餐,3-6g/日,药食两用：具温里、理气作用。,《本草纲目》要点/现代药理参考
山楂,shan zha,中药材,果品,微温,酸甘、酸涩,脾;胃;肝;肾;肺;心;小肠;胆,消食化积;活血化瘀,肉食积滞;胸痹,平和、湿热、气虚、血虚、痰湿,适量为宜;忌过食；过量慎用,阴虚火旺慎；孕妇慎；脾虚湿盛慎；实热内盛慎,四季,煮水/研末/后下/冲服/泡茶/煎服/外用/煲汤/炙用/生食/先煎,姜;枸杞;山药;枣;米;陈皮;麦芽;红糖,酒精;油炸,——,3-9g/日,营养学与食疗结合：具降脂、抗氧化、清热等功效。；兼具药理与传统用途：具清热、止痛、抗菌或收敛作用。,《本草纲目》要点/现代药理参考
山茱萸,shan zhu yu,中药材,理气、祛湿利水、补益,温,咸、甘,心;小肠;肺;脾;胃;肾;肝;胆,补益肝肾;涩精固脱,腰膝酸痛;遗精,阴虚、血虚、阳虚、平和、痰湿,过量慎用,孕妇慎；阴虚火旺慎；实热内盛慎；脾虚湿盛慎,四季,煎服/先煎/冲服/煲汤/后下/泡茶/生食/研末/外用,姜;枣;米,——,——,1-3g/日,药食两用：具补益、安神或抗疲劳作用。,《本草纲目》要点/现代药理参考
山药,shan yao,食材,谷物,平,甘、甘酸,脾;肺;肾;胃;心;小肠;肝;胆;大肠;膀胱,补脾养胃;生津益肺,脾虚泄泻;肺虚咳嗽,平和、气滞、痰湿、气虚、阳虚,适量为宜;忌过食；过量慎用,孕妇慎；实热内盛慎；阴虚火旺慎；脾虚湿盛慎,四季,蒸/煮/煲汤/冲服/外用/先煎/煎服/后下/炙用/泡茶/研末冲服/包煎,姜;枸杞;山药;蜂蜜;红枣;莲子;百合;薏米;茯苓,酒精;油炸;猪肝;碱性食物;鲤鱼,100-250g/餐,——,营养成分丰富，含氨基酸、多糖及微量元素。；常用药理特性：具免疫调节与抗炎作用。；常用药理特性：具免疫调节、抗炎、抗氧化等作用。；食疗与营养兼顾：含多糖、黄酮、维生素等，具有抗氧化作用。,《本草纲目》要点/现代药理参考
川牛膝,chuan niu xi,中药材,理气,热、温,酸、辛,肺;脾;胃;肾;肝;心;小肠;胆,活血通经;补肝肾,腰膝酸软;血滞经闭,气滞、平和、血虚、气虚、阴虚,过量慎用,实热内盛慎；脾虚湿盛慎；阴虚火旺慎；孕妇慎,四季,冲服/煲汤/生食/炙用/研末/外用/后下/先煎/泡茶,姜;枣;米,——,——,15-60g/日,药食两用：具补益、安神或抗疲劳作用。,《本草纲目》要点/现代药理参考
川芎,chuan xiong,中药材,温里,温,甘酸、苦,肺;脾;胃;肝;胆;心;小肠;肾;膀胱,活血行气;祛风止痛,头痛;痛经;风湿痹痛,痰湿、阳虚、气虚、气滞、血虚,过量慎用,阴虚火旺慎；脾虚湿盛慎；孕妇慎；实热内盛慎,四季,炙用/煎服/泡茶/后下/先煎/冲服/外用/煲汤/包煎/研末冲服,川芎,——,——,6-15g/日,常用药理特性：具免疫调节与抗炎作用。；常用药理特性：具免疫调节、抗炎、抗氧化等作用。,《本草纲目》要点/现代药理参考
川贝母,chuan bei mu,中药材,化痰止咳,大热,甘、咸,肝;胆;膀胱;肾;肺;脾;胃;心;小肠,清热化痰;润肺止咳,燥咳痰少;咽痛,阴虚、痰湿、湿热、气虚、气滞,过量慎用,孕妇慎；高尿酸慎；脾虚湿盛慎；阴虚火旺慎；实热内盛慎,四季,冲服/煲汤/先煎/煎服/包煎,川贝母,——,——,15-60g/日,常用药理特性：具免疫调节、抗炎、抗氧化等作用。,《本草纲目》要点/现代药理参考
带鱼,dai yu,食材,海产类,温、平,苦、咸,肾;肝;胆;心;小肠;脾;胃;肺,养血润燥;止咳平喘,贫血;咳嗽,气滞、痰湿、湿热、平和、气虚,适量使用;忌过量,实热内盛慎；孕妇慎；阴虚火旺慎；脾虚湿盛慎,四季,外用/煲汤/炖煮/蒸食/泡茶/熬膏,姜;葱;米,辛辣;油腻,100-200g/餐,——,广泛用于日常食疗、药膳及复方中，兼具营养与药理特性。,《本草纲目》要点/现代药理参考
延胡索,yan hu suo,中药材,活血止痛,温,辛;苦,肝;脾,活血行气;止痛,气滞血瘀诸痛证,血瘀,孕妇慎,——,四季,煎服,——,——,——,3-9g/日,止痛生物碱,中医方药
当归,dang gui,中药材,补益,凉,苦、甘,肾;肝;胆;心;脾;胃;肺;小肠;膀胱;大肠,补血活血;调经止痛,血虚萎黄;痛经,气虚、血虚、阳虚、湿热、气滞,适量使用;忌过量；过量慎用,阴虚火旺慎；实热内盛慎；孕妇慎；脾虚湿盛慎；高尿酸慎,四季,煎服/炖煮/泡茶/煲汤/炙用/外用/研末/生食/后下/先煎/冲服/包煎,枸杞;红枣;蜂蜜;当归;黄芪;党参;川芎;熟地;白芍,油腻;辛辣,——,3-9g/日,稀有/名贵药材或补益品，适合体虚调养与药膳配伍。；常用药理特性：具免疫调节与抗炎作用。；常用药理特性：具免疫调节、抗炎、抗氧化等作用。,《本草纲目》要点/现代药理参考
当归羊肉汤,dang gui yang rou tang,食材,药膳饮品类,温,甘辛,肝;脾;肾,痛经;体虚,肝;脾;肾,血虚、气滞、痰湿、气虚、湿热,孕期慎用;适量为宜,脾虚湿盛慎；阴虚火旺慎；孕妇慎；实热内盛慎,四季,炖煮,枸杞;红枣;桂圆,过量酒精,15-60g/日,——,药膳或滋补饮品原料，适宜体虚调养及季节性食疗。,《本草纲目》要点/现代药理参考
扇贝,shan bei,食材,海产类,寒,咸、辛,心;小肠;肾;肝;胆;肺;脾;胃,补肾益精;滋阴,肾虚;阳痿,湿热、痰湿、平和、血虚、气虚,适量使用;忌过量,脾虚湿盛慎；阴虚火旺慎；实热内盛慎；孕妇慎,四季,煎服/熬膏/炖煮/外用/煲汤/泡茶/蒸食/生食,姜;葱;米,辛辣;油腻,100-200g/餐,——,广泛用于日常食疗、药膳及复方中，兼具营养与药理特性。,《本草纲目》要点/现代药理参考
昆布,kun bu,食材,海产类,平、凉、热,苦甘、苦,脾;胃;心;小肠;肝;胆;肺;肾,软坚化痰;利水,甲状腺肿;浮肿,气虚、阳虚、血虚、平和,适量使用;忌过量,实热内盛慎；孕妇慎；脾虚湿盛慎；阴虚火旺慎,四季,生食/煲汤/泡茶/熬膏/外用/蒸食/煎服,姜;葱;米,辛辣;油腻,100-200g/餐,——,广泛用于日常食疗、药膳及复方中，兼具营养与药理特性。,《本草纲目》要点/现代药理参考
木瓜,mu gua,食材,果品,温,甘,肝;脾,舒筋活络;和胃化湿,筋脉拘挛;脚气,湿热、痰湿,适量为宜,胃酸过多慎,四季,生食/煮汤,牛奶;银耳,——,100-150g/餐,——,番木瓜，富含木瓜酶，助消化美容。,现代营养学
木耳,mu er,食材,菌菇,平,甘,肺;胃,活血通络;润燥,便秘;高脂,湿热、气滞、阳虚、平和、血虚,适量为宜;忌过食,脾虚湿盛慎；孕妇慎；阴虚火旺慎；实热内盛慎,四季,凉拌/炒,姜;枸杞;蜂蜜,酒精;油炸,15-30g/餐,3-9g/日,食疗与营养兼顾：含多糖、黄酮、维生素等，具有抗氧化作用。,《本草纲目》要点/现代药理参考
朱砂,zhu sha,中药材,外用草药类,凉、热,辛甘、辛,心;肝;脾;胆;肾;肺;胃;小肠,安神镇惊;清心解毒,心悸失眠;惊悸癫狂,气虚、平和、湿热、痰湿、阳虚,过量慎用,脾虚湿盛慎；孕妇慎；实热内盛慎；阴虚火旺慎,四季,冲服/煲汤/生食/先煎/泡茶/研末/煎服/外用/后下,姜;枣;米,——,——,9-30g/日,兼具药理与传统用途：具清热、止痛、抗菌或收敛作用。,《本草纲目》要点/现代药理参考
李子,li zi,食材,果品,平,甘、酸,肝;肾,清肝涤热;生津,虚劳骨蒸;消渴,阴虚、湿热,适量为宜,脾虚便溏慎,夏,鲜食,冰糖;蜂蜜,鸡肉;蜂蜜(大量),3-5个/日,——,营养成分丰富，含氨基酸、多糖及微量元素。,《本草纲目》要点/现代药理参考
杏仁,xing ren,食材,坚果籽仁,微温,苦,肺;大肠,止咳平喘;润肠通便,咳嗽气喘;便秘,血虚、气滞、气虚、湿热、痰湿,适量为宜;忌过食,孕妇慎；实热内盛慎；脾虚湿盛慎；阴虚火旺慎,四季,炒/煮,姜;枸杞;蜂蜜,酒精;油炸,10-20g/日,9-30g/日,食疗与营养兼顾：含多糖、黄酮、维生素等，具有抗氧化作用。,《本草纲目》要点/现代药理参考
杜仲,du zhong,中药材,清热燥湿、清热解毒、补益,寒,辛、酸,膀胱;肾;脾;胃;肺;肝;大肠,补肝肾;强筋骨;安胎,肾虚腰痛;胎动不安,气滞、平和、血虚、湿热、气虚,过量慎用,孕妇慎；高尿酸慎；阴虚火旺慎,四季,研末冲服/煲汤/外用/煎服/泡茶/包煎,杜仲,——,——,3-9g/日,常用药理特性：具免疫调节、抗炎、抗氧化等作用。,《本草纲目》要点/现代药理参考
杨梅,yang mei,食材,果品,温,甘、酸,肺;胃,生津止渴;和胃消食,烦渴;呕吐;痢疾,平和、气虚,适量为宜,阴虚火旺慎;牙疼慎,夏,鲜食/浸酒,盐;冰糖,生葱;鸭肉,5-10个/日,——,营养成分丰富，含氨基酸、多糖及微量元素。,《本草纲目》要点/现代药理参考
松茸,song rong,食材,菌菇,平,甘,肺;肾,润肺补肾;抗癌,肺肾虚弱;肿瘤,平和、肾虚,适量为宜,——,秋,清炖/炒,——,——,30-50g/餐,——,菌中之王，珍贵野生菌，抗癌佳品。,现代营养学
枳壳,zhi ke,中药材,行气宽中,微寒,苦;辛;酸,脾;胃;大肠,理气宽中;行滞消胀,胸胁气滞;脘腹痞满;食积不化;脱肛,气滞、痰湿、平和,气虚、阴虚,脾胃虚弱及孕妇慎用,四季,煎服/炒用,陈皮;木香,——,——,6-9g/日,"药食参考条目。为""枳实""的未成熟果实，作用较缓和。",《中国药典》/《药品化义》
枳实,zhi shi,中药材,破气消积,寒,苦;辛;酸,脾;胃;大肠,破气消积;化痰散痞,积滞内停;脘腹痞满胀痛;痰滞胸痹,气滞、痰湿、湿热,气虚、血虚,脾胃虚弱及孕妇慎用,四季,煎服/炒用,厚朴;大黄,——,——,6-9g/日,"药食参考条目。药力较""枳壳""猛。",《中国药典》/《神农本草经》
枸杞子,gou qi zi,中药材,清热,热,甘酸、辛,脾;胃;肾;肝;肺;心;小肠;胆;大肠,滋补肝肾;明目,腰膝酸软;目昏,平和、血虚、气虚、湿热、气滞,过量慎用,脾虚湿盛慎；实热内盛慎；孕妇慎；阴虚火旺慎；高尿酸慎,四季,煲汤/研末/冲服/煎服/泡茶/后下/先煎/炙用/外用/生食/包煎/研末冲服,姜;枣;米;枸杞子;菊花;红枣;山药;桂圆;蜂蜜,绿茶;温热性食物过量,——,6-15g/日,药食两用：具补益、安神或抗疲劳作用。；常用药理特性：具免疫调节与抗炎作用。；常用药理特性：具免疫调节、抗炎、抗氧化等作用。,《本草纲目》要点/现代药理参考
枸杞红枣茶,gou qi hong zao cha,食材,药膳饮品类,平,甘,肝;脾,疲劳;月经不调,肝;脾,痰湿、气虚、阳虚、阴虚、平和,孕期慎用;适量为宜,实热内盛慎；阴虚火旺慎；孕妇慎；脾虚湿盛慎,四季,泡饮,枸杞;红枣;桂圆,过量酒精,适量,9-30g/日,药膳或滋补饮品原料，适宜体虚调养及季节性食疗。,《本草纲目》要点/现代药理参考
枸杞菊花汤,gou qi ju hua tang,食材,节令食疗方,寒,咸、甘,肝;胆;肾;肺;心;脾;胃,明目清肝;滋阴,视疲劳;目涩,痰湿、湿热、阴虚、阳虚、平和,适量使用;忌过量,实热内盛慎；阴虚火旺慎；孕妇慎；脾虚湿盛慎,四季,凉拌/煎服/蒸食/煮粥/烹饪/煲汤,姜;米;红枣,辛辣;油腻,30-100g/日,——,常见食疗与草药条目，兼具调理与保健价值。,《本草纲目》要点/现代药理参考
枸杞酒,gou qi jiu,中药材,花草茶类、清热,寒,咸、辛甘,心;小肠;肺;脾;胃;肝;肾;胆,补肾益精;明目,腰膝酸软;视疲劳,气滞、阴虚、平和、阳虚、气虚,适量为宜;忌过食,孕妇慎；脾虚湿盛慎；阴虚火旺慎；实热内盛慎,四季,研末/泡茶/生食/冲泡/香料/泡酒/煲汤/炖煮/煎服,姜;枸杞;蜂蜜,酒精;油炸,——,6-15g/日,兼具药理与生活应用价值，可入茶、入膳或泡酒使用。,《本草纲目》要点/现代药理参考
柑橘,gan ju,食材,果品,凉,甘、酸,肺;胃,理气化痰;生津止渴,咳嗽痰多;口渴,痰湿、气滞,适量为宜,脾胃虚寒慎,秋、冬,鲜食,蜂蜜;银耳,萝卜;牛奶,1-2个/日,——,营养成分丰富，含氨基酸、多糖及微量元素。,《本草纲目》要点/现代药理参考
柚子,you zi,食材,果品,寒,甘、酸,肺;脾,理气化痰;润肺清肠,咳嗽痰多;消化不良,痰湿、气滞,适量为宜,脾虚便溏慎,秋、冬,鲜食,蜂蜜;冰糖,螃蟹,半个-1个/日,——,营养成分丰富，含维生素C及类黄酮。,《本草纲目》要点/现代药理参考
柠檬,ning meng,食材,果品,凉,酸,肺;胃,生津止渴;理气化痰,口渴;食积,血虚、湿热、气虚、阳虚、痰湿,适量为宜;忌过食,阴虚火旺慎；脾虚湿盛慎；实热内盛慎；孕妇慎,四季,泡水,姜;枸杞;山药,酒精;油炸,100-200g/日,9-30g/日,营养学与食疗结合：具降脂、抗氧化、清热等功效。,《本草纲目》要点/现代药理参考
柠檬片,ning meng pian,食材,花果茶类,凉,甘、辛,肝;肾;肺;脾;胃;心;小肠;胆,生津止渴;清热化痰,咽喉干痛,平和、阳虚、气滞、气虚、湿热,适量使用;忌过量,阴虚火旺慎；脾虚湿盛慎；孕妇慎；实热内盛慎,四季,蒸食/泡饮/煮粥/煲汤/凉拌/烹饪/煎服,姜;米;红枣,辛辣;油腻,10-50g/日,——,常见食疗与草药条目，兼具调理与保健价值。,《本草纲目》要点/现代药理参考
柠檬草,ning meng cao,中药材,调味品,微温,甘酸、苦甘,脾;胃;心;肝;胆;小肠;肺;肾,化湿解暑;健脾理气,胃胀;恶心,痰湿、阴虚、气滞、平和、阳虚,适量为宜;忌过食,实热内盛慎；阴虚火旺慎；脾虚湿盛慎；孕妇慎,四季,煎服/冲泡/炖煮/香料/外用/泡酒/泡茶/研末/生食/煲汤,姜;枸杞;蜂蜜,酒精;油炸,——,1-3g/日,兼具药理与生活应用价值，可入茶、入膳或泡酒使用。,《本草纲目》要点/现代药理参考
柴胡,chai hu,中药材,补益,微温,辛甘、咸,肾;肝;脾;胃;肺;胆;心;小肠;大肠;膀胱,疏肝解郁;升举阳气,胸胁胀痛;气陷,血虚、平和、阳虚、痰湿、气虚,过量慎用,实热内盛慎；孕妇慎；脾虚湿盛慎；阴虚火旺慎；高尿酸慎,四季,先煎/外用/冲服/炙用/后下/泡茶/煎服/煲汤/包煎,柴胡,——,——,15-60g/日,常用药理特性：具免疫调节与抗炎作用。；常用药理特性：具免疫调节、抗炎、抗氧化等作用。,《本草纲目》要点/现代药理参考
柿子,shi zi,食材,果品,寒,甘、涩,肺;大肠,清热润肺;生津止渴,肺热咳嗽;口渴,阴虚、湿热,适量为宜,脾胃虚寒慎;空腹慎,秋,鲜食/制饼,蜂蜜,螃蟹;红薯;酒,1-2个/日,——,营养成分丰富，含鞣酸、维生素。,《本草纲目》要点/现代药理参考
栀子,zhi zi,中药材,清热泻火,寒,苦,心;肺;肝;胃;三焦,泻火除烦;清热利湿;凉血解毒,热病心烦;湿热黄疸;血热吐衄;目赤肿痛,湿热、痰湿、平和,阳虚、脾虚,脾虚便溏者慎,四季,煎服/生用/炒焦/焦栀子,黄芩;茵陈;大黄,——,——,6-9g/日,药食参考条目。生用泻火，炒焦止血。,《中国药典》/《神农本草经》
栗子,li zi,食材,坚果籽仁,温,甘,脾;胃;肾,养胃健脾;补肾强筋,脾虚泄泻;肾虚腰痛,气虚、阳虚,适量为宜,脾胃虚弱慎;糖尿病慎,秋、冬,生食/炒/煮,鸡肉;红枣,牛肉;杏仁,5-10个/日,——,营养成分丰富，含氨基酸、多糖及微量元素。,《本草纲目》要点/现代药理参考
核桃仁,he tao ren,食材,坚果籽仁,温,甘,肾;肺;大肠,补肾固精;温肺定喘,肾虚腰痛;虚喘,痰湿、平和、气虚、血虚、阳虚,适量为宜;忌过食；新鲜适量;个体过敏慎,实热内盛慎；孕妇慎；脾虚湿盛慎；高尿酸慎；海鲜过敏慎；阴虚火旺慎,四季,生食/烘烤,姜;枸杞;山药;生姜;蜂蜜;黑芝麻;红枣,酒精;油炸;过量油炸,20-30g/日,9-30g/日,营养成分丰富，含氨基酸、多糖及微量元素。；营养学参考：高蛋白/矿物质/多糖/不饱和脂肪酸。；食疗与营养兼顾：含多糖、黄酮、维生素等，具有抗氧化作用。,《本草纲目》要点/现代药理参考
桂圆肉,gui yuan rou;long yan rou,食材,果品,温,甘,心;脾,补益心脾;养血安神,心脾两虚;失眠健忘,痰湿、湿热、阳虚、血虚、气虚,适量为宜;忌过食,脾虚湿盛慎；孕妇慎；实热内盛慎；阴虚火旺慎,四季,煲汤/煮粥,姜;枸杞;蜂蜜,酒精;油炸,15-60g/日,——,食疗与营养兼顾：含多糖、黄酮、维生素等，具有抗氧化作用。,《本草纲目》要点/现代药理参考
桂枝,gui zhi,中药材,活血,温,甘酸、苦,肺;脾;胃;心;肝;肾;小肠;胆;大肠,发汗解肌;助阳化气,风寒表证;心悸,气虚、血虚、湿热、阳虚、平和,过量慎用,脾虚湿盛慎；实热内盛慎；孕妇慎；阴虚火旺慎,四季,冲服/后下/炙用/煎服/先煎/外用/泡茶/煲汤/研末冲服,桂枝,——,——,6-15g/日,常用药理特性：具免疫调节与抗炎作用。；常用药理特性：具免疫调节、抗炎、抗氧化等作用。,《本草纲目》要点/现代药理参考
桂皮,gui pi,中药材,药酒饮品基料,平,辛甘、酸,脾;胃;心;肝;小肠;胆;肾;肺,温中散寒;理气止痛,脘腹冷痛;食少,湿热、气虚、平和、阴虚、阳虚,适量为宜;忌过食,阴虚火旺慎；孕妇慎；脾虚湿盛慎；实热内盛慎,四季,香料/冲泡/炖煮/生食/泡茶/泡酒/研末/煲汤/外用/煎服,姜;枸杞;蜂蜜,酒精;油炸,——,3-9g/日,兼具药理与生活应用价值，可入茶、入膳或泡酒使用。,《本草纲目》要点/现代药理参考
桂花茶,gui hua cha,食材,花果茶类,凉,酸、辛,肝;胆;心;小肠;肾;肺;脾;胃,温中散寒;化痰止咳,咳嗽;痰多,气滞、痰湿、平和、血虚、阳虚,适量使用;忌过量,脾虚湿盛慎；实热内盛慎；孕妇慎；阴虚火旺慎,四季,煮粥/蒸食/煲汤/泡饮/烹饪/凉拌/煎服,姜;米;红枣,辛辣;油腻,10-50g/日,——,常见食疗与草药条目，兼具调理与保健价值。,《本草纲目》要点/现代药理参考
桃仁,tao ren,中药材,祛湿利水,温、凉,酸涩、甘,肝;肾;肺;脾;胃;心;胆;小肠,活血祛瘀;润肠通便,月经不调;便秘,气虚、血虚、气滞、阳虚、湿热,过量慎用,孕妇慎；阴虚火旺慎；实热内盛慎；脾虚湿盛慎,四季,泡茶/煎服/后下/煲汤/先煎/冲服/研末/生食/炙用,姜;枣;米,——,——,9-30g/日,药食两用：具补益、安神或抗疲劳作用。,《本草纲目》要点/现代药理参考
桃子,tao zi,食材,果品,温,甘、酸,肺;大肠,生津润肠;活血消积,津伤口渴;肠燥便秘,阴虚、血虚,适量为宜,糖尿病慎;内热慎,夏,鲜食,银耳;冰糖,鳖;烧酒,1-2个/日,——,营养成分丰富，含氨基酸、多糖及微量元素。,《本草纲目》要点/现代药理参考
桑叶,sang ye,中药材,利水渗湿,温,辛甘、酸涩,心;肝;肾;膀胱;脾;胃;肺;胆;大肠,疏风清热;清肺润燥,风热咳嗽;目赤,血虚、阳亢、阴虚火旺、平和、阳虚,过量慎用,阴虚火旺慎；高尿酸慎；孕妇慎；实热内盛慎,四季,先煎/外用/煎服/泡茶/研末冲服/炙用/冲服/后下/包煎,桑叶,——,——,1-3g/日,常用药理特性：具免疫调节、抗炎、抗氧化等作用。,《本草纲目》要点/现代药理参考
桑椹,sang shen,食材,果品,寒,甘,心;肝;肾,滋阴补血;生津润燥,阴虚血虚;津伤口渴,阴虚、血虚,适量为宜,脾虚便溏慎,夏,鲜食/熬膏,黑芝麻;蜂蜜,鸭蛋,20-30g/日,9-15g/日,营养成分丰富，含氨基酸、多糖及微量元素。,《本草纲目》要点/现代药理参考
桑葚干,sang shen gan,食材,花果茶类,寒,辛咸、辛甘,心;小肠;脾;胃;肝;肾;肺;胆,滋阴补血;润燥,头晕;便秘,血虚、阴虚、气滞、平和、湿热,适量使用;忌过量,脾虚湿盛慎；孕妇慎；实热内盛慎；阴虚火旺慎,四季,烹饪/泡饮/煮粥/凉拌/煲汤/煎服/炖煮,姜;米;红枣,辛辣;油腻,适量,——,常见食疗与草药条目，兼具调理与保健价值。,《本草纲目》要点/现代药理参考
桔梗,jie geng,中药材,祛风湿,凉,苦、甘,肾;肝;大肠;胃;心;小肠;肺;脾,宣肺祛痰;利咽排脓,咳嗽痰多;咽喉肿痛,阳亢、阴虚、气滞、痰湿、平和,过量慎用,实热内盛慎；脾虚湿盛慎；高尿酸慎；阴虚火旺慎,四季,研末冲服/包煎/先煎/煲汤/炙用/泡茶,桔梗,——,——,100-250g/餐,常用药理特性：具免疫调节、抗炎、抗氧化等作用。,《本草纲目》要点/现代药理参考
梅子,mei zi,食材,果品,平,酸,肝;脾;肺;大肠,敛肺止咳;涩肠止泻,久咳;久泻,气虚、阴虚,适量为宜,实热慎,夏,鲜食/腌制,冰糖;盐,——,3-5个/日,6-12g/日,营养成分丰富，含氨基酸、多糖及微量元素。,《本草纲目》要点/现代药理参考
梨,li,食材,果品,凉,甘酸,肺;胃,生津润燥;清热化痰,咳嗽痰多;热病烦渴,阴虚、痰湿、血虚、气虚、阳虚,适量为宜;忌过食,阴虚火旺慎；孕妇慎；脾虚湿盛慎；实热内盛慎,四季,鲜食/煮汤,姜;枸杞;蜂蜜,酒精;油炸,15-60g/日,——,食疗与营养兼顾：含多糖、黄酮、维生素等，具有抗氧化作用。,《本草纲目》要点/现代药理参考
梨枸杞水,li gou qi shui,食材,节令食疗方,温,辛咸、甘,肺;脾;胃;心;小肠;肝;胆;肾,润肺止咳;生津,秋燥咳嗽,血虚、阴虚、阳虚、平和、湿热,适量使用;忌过量,阴虚火旺慎；孕妇慎；脾虚湿盛慎；实热内盛慎,四季,煲汤/烹饪/炖煮/泡饮/煎服/凉拌,姜;米;红枣,辛辣;油腻,适量,——,常见食疗与草药条目，兼具调理与保健价值。,《本草纲目》要点/现代药理参考
樟脑,zhang nao,中药材,外用草药类,寒,酸涩、甘酸,肺;脾;胃;肾;肝;心;胆;小肠,通窍止痛;杀虫,鼻塞;疥癣,气虚、气滞、阳虚、痰湿、阴虚,适量使用;忌过量,实热内盛慎；孕妇慎；脾虚湿盛慎；阴虚火旺慎,四季,炖煮/煎服/熬膏/生食/蒸食/外用/泡茶,姜;葱;米,辛辣;油腻,——,6-15g/日,广泛用于日常食疗、药膳及复方中，兼具营养与药理特性。,《本草纲目》要点/现代药理参考
橘皮,ju pi,中药材,补益、外用草药类、矿物盐类,温,酸、辛,肝;肾;肺;心;小肠;脾;胃;胆,理气调中;燥湿化痰,脘腹胀满;痰多咳嗽,痰湿、湿热、气虚、平和、血虚,过量慎用,孕妇慎；阴虚火旺慎；脾虚湿盛慎；实热内盛慎,四季,煎服/生食/泡茶/研末/煲汤/先煎/冲服/后下/炙用,姜;枣;米,——,——,100-250g/餐,兼具药理与传统用途：具清热、止痛、抗菌或收敛作用。,《本草纲目》要点/现代药理参考
橘红,ju hong,中药材,化痰,温,苦;辛,肺;脾,散寒;燥湿;利气;消痰,风寒咳嗽;痰多色白;食积不化;恶心呕吐,痰湿、气滞、平和,阴虚、湿热,阴虚燥咳者慎;久咳气虚者慎,四季,煎服/泡茶,半夏;茯苓,——,——,3-10g/日,药食参考条目。专主化痰，力胜陈皮。,《中国药典》/《本草纲目》
款冬花,kuan dong hua,中药材,止咳化痰,温,辛;甘,肺,润肺下气;止咳化痰,新久咳嗽;喘咳痰多;劳嗽咳血,痰湿、阳虚、平和,阴虚、湿热,阴虚火旺;肺热燥咳者慎,四季,煎服/蜜炙,紫菀;杏仁,——,——,5-10g/日,药食参考条目。蜜炙后润肺止咳力强。,《中国药典》/《神农本草经》
没药,mo yao,中药材,外用草药类,平,酸涩、辛咸,肾;肝;肺;脾;胃;心;小肠;胆,活血止痛;消肿生肌,跌打损伤;疼痛,阴虚、气滞、血虚、阳虚、痰湿,适量使用;忌过量,脾虚湿盛慎；孕妇慎；阴虚火旺慎；实热内盛慎,四季,炖煮/熬膏/煲汤/蒸食/生食/外用/泡茶/煎服,姜;葱;米,辛辣;油腻,——,6-15g/日,广泛用于日常食疗、药膳及复方中，兼具营养与药理特性。,《本草纲目》要点/现代药理参考
油菜,you cai,食材,蔬菜,凉,辛、甘,肝;脾;肺,散血消肿;宽肠通便,痈肿;便秘,湿热、气滞,适量为宜,脾胃虚寒慎,春、冬,清炒/煮汤,香菇;豆腐;肉类,南瓜,100-200g/餐,——,营养成分丰富，含氨基酸、多糖及微量元素。,《本草纲目》要点/现代药理参考
泥鳅,ni qiu,动物类,鱼类,平,甘,脾;肝;肾,补中益气;祛湿,脾虚泄泻;黄疸,气虚、湿热,适量为宜,——,夏、秋,煮/炖/炒,豆腐;山药,狗肉;螃蟹,50-100g/餐,——,营养成分丰富，含氨基酸、多糖及微量元素。,《本草纲目》要点/现代药理参考
泽兰,ze lan,中药材,活血祛瘀,微温,辛;苦,肝;脾,活血祛瘀;行水消肿,月经不调;痛经;产后瘀滞腹痛;水肿,血瘀、湿热、平和,气虚、血虚,血虚无瘀者慎;孕妇慎,四季,煎服/入膳,当归;川芎,——,——,6-12g/日,药食参考条目。活血兼能利水。,《中国药典》/《神农本草经》
泽泻,ze xie,中药材,养阴,温,辛、辛甘,脾;胃;心;肝;肺;肾;胆;小肠,利水渗湿;泄热,小便不利;眩晕,气滞、血虚、平和、阴虚、气虚,过量慎用,脾虚湿盛慎；阴虚火旺慎；实热内盛慎,四季,先煎/后下/冲服/生食/泡茶/研末/煲汤/外用/煎服/炙用,姜;枣;米,——,——,6-15g/日,药食两用：具补益、安神或抗疲劳作用。,《本草纲目》要点/现代药理参考
洋葱,yang cong,食材,蔬菜,温,辛,肺;胃,理气宽中;发汗解表,感冒;食滞,平和、血虚、阳虚、气虚、阴虚,适量为宜;忌过食,实热内盛慎；阴虚火旺慎；孕妇慎；脾虚湿盛慎,四季,炒/炖,姜;枸杞;山药,酒精;油炸,100-250g/餐,——,营养学与食疗结合：具降脂、抗氧化、清热等功效。,《本草纲目》要点/现代药理参考
洛神花茶,luo shen hua cha,食材,花果茶类,平,苦、酸,肾;肝;肺;脾;胃;心;胆;小肠,清热降压;生津止渴,高血压;口干,血虚、阴虚、阳虚、湿热、痰湿,适量使用;忌过量,孕妇慎；实热内盛慎；阴虚火旺慎；脾虚湿盛慎,四季,烹饪/煮粥/泡饮/煲汤/凉拌/煎服/蒸食/炖煮,姜;米;红枣,辛辣;油腻,适量,——,常见食疗与草药条目，兼具调理与保健价值。,《本草纲目》要点/现代药理参考
浙贝母,zhe bei mu,中药材,化痰散结,凉,苦;甘,肺;心,清热化痰;散结消痈,风热咳嗽;痰火郁结;痈肿疮毒;瘰疬痰核,痰湿、湿热、平和,阳虚、脾虚,寒痰、湿痰者不宜;脾胃虚寒者慎,四季,煎服/研末冲服,瓜蒌;夏枯草,——,——,3-9g/日,药食参考条目。偏于清火散结。,《中国药典》/《本草正》
海参,hai shen,动物类,水产,温,咸,肾;心,补肾益精;养血润燥,体虚怕冷;术后调养,阴虚、阳虚、平和、血虚,新鲜适量;个体过敏慎,海鲜过敏慎；高尿酸慎,四季,小火久炖,生姜;枸杞;山药,过量油炸,100-250g/餐,——,营养学参考：高蛋白/矿物质/多糖/不饱和脂肪酸。,《本草纲目》要点/现代药理参考
海带,hai dai,食材,海产类,温,咸、辛,肝;胆;肾;肺;脾;胃;心;小肠,消痰软坚;利水,甲状腺肿;水肿,血虚、气滞、阳虚、平和、气虚,适量使用;忌过量,脾虚湿盛慎；实热内盛慎；孕妇慎；阴虚火旺慎,四季,熬膏/蒸食/泡茶/生食/外用/炖煮/煲汤/煎服,姜;葱;米,辛辣;油腻,15-60g/日,——,广泛用于日常食疗、药膳及复方中，兼具营养与药理特性。,《本草纲目》要点/现代药理参考
海藻,hai zao,食材,海产类,温,辛甘、辛,肝;胆;肺;脾;胃;心;小肠;肾,清热化痰;利水,瘰疬;水肿,平和、阳虚、血虚、气虚、气滞,适量使用;忌过量,实热内盛慎；阴虚火旺慎；孕妇慎；脾虚湿盛慎,四季,生食/煎服/炖煮/熬膏/煲汤/泡茶/蒸食/外用,姜;葱;米,辛辣;油腻,100-200g/餐,——,广泛用于日常食疗、药膳及复方中，兼具营养与药理特性。,《本草纲目》要点/现代药理参考
淫羊藿,yin yang huo,中药材,补肾阳,温,辛;甘,肝;肾,补肾壮阳;祛风除湿,肾阳不足;风湿痹痛,阳虚,阴虚火旺慎,——,冬,煎服,——,——,——,6-12g/日,黄酮类研究,中医方药
滑石,hua shi,中药材,木本花果类,寒,淡、辛甘,肺;脾;胃;肝;肾;心;小肠;胆,清热利湿;通淋止渴,小便不利;湿热泻痢,阴虚、血虚、湿热、阳虚、气虚,过量慎用,脾虚湿盛慎；孕妇慎；实热内盛慎；阴虚火旺慎,四季,先煎/冲服/生食/煎服/泡茶/研末/炙用/外用/后下/煲汤,姜;枣;米,——,——,1-3g/日,兼具药理与传统用途：具清热、止痛、抗菌或收敛作用。,《本草纲目》要点/现代药理参考
灵芝,ling zhi,中药材,安神,温,甘、辛,肺;脾;胃;肾;肝;心;胆;小肠,补气安神;止咳平喘,失眠健忘;虚劳咳喘,阳虚、阴虚、气滞、湿热、平和,适量使用;忌过量,实热内盛慎；阴虚火旺慎；孕妇慎；脾虚湿盛慎,四季,泡茶/煎服/煲汤/外用/生食/研末/泡饮,枸杞;红枣;蜂蜜,油腻;辛辣,——,15-60g/日,稀有/名贵药材或补益品，适合体虚调养与药膳配伍。,《本草纲目》要点/现代药理参考
灵芝孢子粉,ling zhi bao zi fen,中药材,安神,微温,苦甘、咸,心;小肠;肝;肾;肺;胆;脾;胃,扶正固本;安神,体虚失眠;免疫低下,阳虚、湿热、气滞、血虚、痰湿,适量使用;忌过量,脾虚湿盛慎；孕妇慎；阴虚火旺慎；实热内盛慎,四季,炙用/煎服/炖煮/泡饮/研末/煲汤/外用/生食,枸杞;红枣;蜂蜜,油腻;辛辣,——,100-250g/餐,稀有/名贵药材或补益品，适合体虚调养与药膳配伍。,《本草纲目》要点/现代药理参考
灵芝蜂蜜饮,ling zhi feng mi yin,食材,药膳饮品类,平,甘,肺;脾,燥咳;失眠,肺;脾,血虚、湿热、气虚、阴虚、阳虚,孕期慎用;适量为宜,阴虚火旺慎；孕妇慎；脾虚湿盛慎；实热内盛慎,四季,冲饮,枸杞;红枣;桂圆,过量酒精,100-250g/餐,——,药膳或滋补饮品原料，适宜体虚调养及季节性食疗。,《本草纲目》要点/现代药理参考
熟地黄,shu di huang,中药材,补血滋阴,温,甘,肝;肾,补血滋阴;益精填髓,血虚萎黄;月经不调;崩漏;肝肾阴虚;腰膝酸软,血虚、阴虚、阳虚,痰湿、湿热,脾胃虚弱;气滞痰多;脘腹胀满便溏者慎,四季,煎服/入膳/熬膏,当归;白芍;枸杞,萝卜;葱;蒜,——,9-24g/日,"药食参考条目。为""地黄""的炮制品，功专补益。",《中国药典》/《本草纲目》
燕窝,yan wo,中药材,补阴,平,甘,肺;胃;肾,养阴润燥;益气补中,虚损;咳嗽痰喘,阴虚、气虚,适量为宜,痰湿慎;实热慎,四季,炖/煮,冰糖;银耳;红枣,茶,3-5g/日,3-9g/日,药食两用：具补益、安神或抗疲劳作用。,《本草纲目》要点/现代药理参考
燕麦,yan mai,食材,谷物豆类,平,甘、辛咸,脾;胃;肾;肝;心;肺;小肠;胆,降脂通便;健脾;健脾益气;降脂,便秘;高脂血;高脂血症,气滞、湿热、阳虚、气虚、阴虚,适量使用;忌过量；新鲜适量;个体过敏慎,阴虚火旺慎；孕妇慎；脾虚湿盛慎；实热内盛慎；海鲜过敏慎；高尿酸慎,四季,泡饮/炖煮/凉拌/烹饪/煮粥/煲汤/煎服/蒸食,姜;米;红枣;生姜;枸杞;山药,辛辣;油腻;过量油炸,30-50g/日,——,常见食疗与草药条目，兼具调理与保健价值。；营养学参考：高蛋白/矿物质/多糖/不饱和脂肪酸。,《本草纲目》要点/现代药理参考
牛奶,niu nai,食材,乳品,平,甘,心;肺;胃,补虚益气;养血润燥,虚弱劳损;消渴;便秘,气虚、阴虚、血虚、平和,适量为宜;乳糖不耐慎,脾胃虚寒慎;痰湿体质慎,四季,直饮/加热/制作奶制品,蜂蜜;燕麦;木瓜;红枣,果汁;巧克力;药物,200-500ml/日,——,营养成分丰富，含蛋白质、钙质及多种维生素。,现代营养学参考
牛肉,niu rou,动物类,畜肉,温,甘,脾;胃,补中益气;强筋骨,气血不足;体虚,阳虚、阴虚、痰湿、湿热、血虚,适量为宜;忌过食；新鲜适量;个体过敏慎,孕妇慎；实热内盛慎；阴虚火旺慎；海鲜过敏慎；高尿酸慎,四季,清炖/红烧,姜;枸杞;山药;生姜,酒精;油炸;过量油炸;栗子;白酒;橄榄;生姜,100-150g/餐,——,营养成分丰富，含氨基酸、多糖及微量元素。；营养学参考：高蛋白/矿物质/多糖/不饱和脂肪酸。,《本草纲目》要点/现代药理参考
牛肚,niu du,动物类,畜内脏,平,甘,脾;胃,补益脾胃;补气养血,病后虚羸;气血不足,气虚、血虚、平和,适量为宜,——,四季,炖/卤/炒,萝卜;豆腐;姜,——,50-100g/餐,——,营养成分丰富，含氨基酸、多糖及微量元素。,《本草纲目》要点/现代药理参考
牛蒡子,niu bang zi,中药材,理气,热,辛咸、辛,肺;脾;胃;肝;肾;心;小肠;胆,疏散风热;利咽透疹,风热感冒;咽痛,气滞、平和、痰湿、阳虚、湿热,过量慎用,实热内盛慎；阴虚火旺慎；脾虚湿盛慎；孕妇慎,四季,后下/研末/冲服/泡茶/煎服/煲汤/先煎/生食,姜;枣;米,——,——,15-60g/日,药食两用：具清热、抗炎、调节代谢作用。,《本草纲目》要点/现代药理参考
牡丹皮,mu dan pi,中药材,安神、清热解毒、理气,微温,辛甘、辛,心;小肠;肾;肝;脾;肺;胆;胃,清热凉血;活血散瘀,温热病;血热出血,平和、痰湿、阴虚、气滞、湿热,过量慎用,实热内盛慎；孕妇慎；阴虚火旺慎；脾虚湿盛慎,四季,煎服/外用/煲汤/先煎/泡茶/炙用/研末/后下/生食/冲服,姜;枣;米,——,——,15-60g/日,药食两用：具清热、抗炎、调节代谢作用。,《本草纲目》要点/现代药理参考
牡蛎,mu li,食材,海产类,寒,辛甘、辛,心;肝;脾;肾;肺;胃;胆;小肠,平肝潜阳;软坚散结,眩晕;瘰疬,阴虚、血虚、气虚、气滞、湿热,适量使用;忌过量,脾虚湿盛慎；阴虚火旺慎；实热内盛慎；孕妇慎,四季,泡茶/外用/煲汤/蒸食/煎服/生食/炖煮/熬膏,姜;葱;米,辛辣;油腻,100-200g/餐,——,广泛用于日常食疗、药膳及复方中，兼具营养与药理特性。,《本草纲目》要点/现代药理参考
猪肉,zhu rou,动物类,畜肉,平,甘、咸,脾;胃;肾,滋阴润燥;补肾养血,热病伤津;消渴;肾虚,平和、气虚、阴虚、血虚,适量为宜;忌过食,痰湿体质慎;高脂血症慎,四季,炒/炖/煮/蒸/红烧,白菜;豆腐;莲藕;冬瓜;海带,甘草;鸽肉;黄豆;芫荽;牛肉,100-150g/餐,——,营养成分丰富，含氨基酸、多糖及微量元素。,《本草纲目》要点/现代药理参考
猪肚,zhu du,动物类,畜内脏,温,甘,脾;胃,补虚损;健脾胃,虚劳瘦弱;脾胃虚弱,气虚、阳虚,适量为宜,——,四季,炖/煮/卤,莲子;白果;山药,芦荟,50-100g/餐,——,营养成分丰富，含氨基酸、多糖及微量元素。,《本草纲目》要点/现代药理参考
猪肝,zhu gan,食材,内脏,温,甘;苦,肝,补肝明目;养血,肝血不足;夜盲症;贫血,血虚,适量为宜,高胆固醇慎,四季,炒/汤,韭菜;菠菜,——,50-100g/餐,——,补血佳品，维A含量极高，明目效果显著。,《本草纲目》/现代营养学
猪苓,zhu ling,中药材,利水渗湿,平,甘;淡,肾;膀胱,利水渗湿;通淋,小便不利;水肿,湿盛,阴虚津亏慎,——,四季,煎服,——,——,——,6-12g/日,利尿研究,中医方药
玄参,xuan shen,中药材,清热凉血,寒,甘;苦;咸,肺;胃;肾,清热凉血;滋阴降火;解毒散结,热病烦渴;阴虚内热;骨蒸劳热;咽喉肿痛;瘰疬,阴虚、湿热、血虚、平和,阳虚、脾虚,脾胃虚寒;食少便溏者慎,四季,煎服/入膳,麦冬;生地黄,黄芪;干姜;大枣,——,9-15g/日,药食参考条目。滋阴降火，清热解毒。,《中国药典》/《神农本草经》
玉竹,yu zhu,中药材,养阴生津,平,甘,肺;胃,养阴润燥;生津止渴,肺胃阴伤;燥咳少痰;咽干口渴;内热消渴,阴虚、平和、气虚,痰湿、阳虚,脾虚便溏;痰湿内盛者慎,四季,煎服/入膳/煲汤,沙参;麦冬,——,30-60g/餐,9-15g/日,药食两用：养阴润燥，可作食疗。,《中国药典》/《神农本草经》
玉米,yu mi,食材,谷物,平,甘,胃;大肠,调中开胃;利尿消肿,食少;水肿,平和、气虚,适量为宜,——,四季,煮/蒸/烤,排骨;胡萝卜,田螺,100-200g/餐,——,营养成分丰富，含氨基酸、多糖及微量元素。,《本草纲目》要点/现代药理参考
王不留行,wang bu liu xing,中药材,活血通络,平,苦,肝;胃,活血通经;下乳消肿,经闭痛经;乳汁不下,血瘀,孕妇慎,——,四季,煎服,——,——,——,6-12g/日,通乳相关,中医方药
玫瑰花,mei gui hua,中药材,理气,热,甘、辛甘,肝;肾;肺;心;脾;胆;小肠;胃,理气解郁;活血散瘀,胸闷胁痛;月经不调,血虚、痰湿、阴虚、气滞、湿热,适量为宜;忌过食,脾虚湿盛慎；孕妇慎；阴虚火旺慎；实热内盛慎,四季,泡茶/研末/泡酒/冲泡/香料/炖煮/外用/生食/煲汤/煎服,姜;枸杞;蜂蜜,酒精;油炸,——,15-60g/日,兼具药理与生活应用价值，可入茶、入膳或泡酒使用。,《本草纲目》要点/现代药理参考
玫瑰花茶,mei gui hua cha,食材,茶类,温,甘;苦,肝;胃,疏肝解郁;活血,肝郁;血瘀,气郁、血瘀,适量饮用,——,四季,泡饮,蜂蜜,——,3-5朵/泡,——,花中皇后，美容养颜，调经止痛。,《本草纲目》/现代营养学
珍珠母,zhen zhu mu,中药材,平肝潜阳,寒,咸,肝;心;肾,调理脏腑;扶正祛邪,食积不化;气滞;湿困中焦,平和体质为主，结合个体情况,孕妇或慢性病患者遵医嘱,过敏者禁用,四季,煎服/入膳,——,——,——,15-30g/日,药食参考条目，后续可细化现代研究与营养信息。,《本草纲目》等/现代文献汇编(占位)
瓜蒌,gua lou,中药材,止血,热、大寒,酸涩、甘,肺;肝;脾;胃;心;小肠;肾;大肠;膀胱,清热化痰;宽胸散结,痰热咳嗽;胸痹,阴虚、气虚、阳亢、平和、气滞,过量慎用,高尿酸慎；实热内盛慎；孕妇慎；脾虚湿盛慎；阴虚火旺慎,四季,煎服/先煎/后下/炙用/外用/包煎/研末冲服,瓜蒌,——,——,1-3g/日,常用药理特性：具免疫调节、抗炎、抗氧化等作用。,《本草纲目》要点/现代药理参考
甘草,gan cao,中药材,温里,热,苦甘、苦,脾;胃;肝;胆;心;小肠;肺;肾;膀胱,补脾益气;调和诸药,脾胃虚弱;咽喉肿痛,气虚、阴虚、平和、血虚、湿热,过量慎用,实热内盛慎；脾虚湿盛慎；阴虚火旺慎；孕妇慎；高尿酸慎,四季,外用/煲汤/炙用/后下/先煎/泡茶/冲服/煎服/包煎/研末冲服,甘草;党参;黄芪;大枣;白芍;桂枝,——,——,1-3g/日,常用药理特性：具免疫调节与抗炎作用。；常用药理特性：具免疫调节、抗炎、抗氧化等作用。,《本草纲目》要点/现代药理参考
甜瓜,tian gua,食材,果品,寒,甘,心;胃,清暑热;解烦渴,暑热烦渴;小便不利,湿热、平和,适量为宜,脾胃虚寒慎;糖尿病慎,夏,鲜食,西瓜;绿豆,螃蟹;田螺,100-200g/日,——,营养成分丰富，含氨基酸、多糖及微量元素。,《本草纲目》要点/现代药理参考
生地黄,sheng di huang,中药材,清热凉血,寒,甘;苦,心;肝;肾,清热凉血;养阴生津,热入营血;身热舌绛;吐血衄血;津伤口渴,阴虚、血虚、湿热,阳虚、痰湿,脾虚泄泻;胃寒食少者慎,四季,煎服/鲜用,玄参;麦冬,萝卜;葱;蒜,——,9-30g/日,"药食参考条目。即""地黄""的鲜品或干燥品。",《中国药典》/《神农本草经》
田七(三七),tian qi,中药材,活血,温,甘;微苦,肝;胃,化瘀止血;活血定痛,咯血;吐血;衄血;便血;崩漏;外伤出血;跌打瘀肿,血瘀、平和、气滞,血虚、阴虚,血虚无瘀者慎;孕妇慎,四季,煎服/研末冲服/入膳,鸡肉;排骨,——,适量入膳,3-9g/日,"即""三七""。数据已存在，此条可合并。",《中国药典》/《本草纲目》
甲鱼,jia yu,动物类,龟鳖,平,甘,肝;肾,滋阴凉血;软坚散结,骨蒸潮热;肝脾肿大,阴虚、血虚,适量为宜,脾胃虚弱慎;孕妇慎,秋、冬,炖/煮,枸杞;淮山,苋菜;芹菜,50-100g/餐,——,营养成分丰富，含氨基酸、多糖及微量元素。,《本草纲目》要点/现代药理参考
番茄,fan qie,食材,蔬菜,凉,甘酸,胃;肝,生津止渴;健胃消食,食欲不振;口渴,湿热、平和、阳虚、血虚、气虚,适量为宜;忌过食,实热内盛慎；孕妇慎；阴虚火旺慎；脾虚湿盛慎,四季,生食/煮汤,姜;枸杞;山药,酒精;油炸,100-200g/餐,——,营养成分丰富，含氨基酸、多糖及微量元素。,《本草纲目》要点/现代药理参考
白头翁,bai tou weng,中药材,解表,热,甘酸、酸涩,肝;胆;脾;胃;肾;心;小肠;肺,清热解毒;凉血止痢,热毒血痢;肠炎,痰湿、阳虚、湿热、气滞、气虚,过量慎用,阴虚火旺慎；孕妇慎；实热内盛慎；脾虚湿盛慎,四季,后下/煎服/煲汤/炙用/冲服/先煎/外用/生食/研末/泡茶,姜;枣;米,——,——,1-3g/日,药食两用：具清热、抗炎、调节代谢作用。,《本草纲目》要点/现代药理参考
白术,bai zhu,中药材,温里、养阴,凉、热、微温,苦甘、甘酸,肝;肾;肺;心;脾;胃;胆,健脾益气;燥湿利水,脾虚泄泻;水肿,平和、阴虚、湿热、痰湿、气滞,过量慎用,实热内盛慎；脾虚湿盛慎；阴虚火旺慎；孕妇慎,四季,外用/后下/研末/炙用/冲服/煎服/生食/煲汤/先煎/泡茶,姜;枣;米,——,——,100-250g/餐,药食两用：具补益、安神或抗疲劳作用。,《本草纲目》要点/现代药理参考
白果,bai guo,食材,坚果籽仁,平,甘、苦、涩,肺;肾,敛肺定喘;止带缩尿,痰喘咳嗽;带下;遗尿,气虚、阳虚,不可过量,实邪慎;小儿慎,秋、冬,煮/炒/炖,猪肚;百合,鲤鱼,5-10g/日,6-10g/日,药食两用：具补益、安神或抗疲劳作用。,《本草纲目》要点/现代药理参考
白芍,bai shao,中药材,理气、养阴,平,甘酸、甘,肾;肝;肺;脾;胃;心;小肠;胆,养血柔肝;缓急止痛,月经不调;腹痛,阳虚、气虚、平和、湿热、血虚,过量慎用,实热内盛慎；孕妇慎；阴虚火旺慎；脾虚湿盛慎,四季,研末/后下/煎服/先煎/煲汤/泡茶/冲服/外用,姜;枣;米,——,——,3-9g/日,药食两用：具补益、安神或抗疲劳作用。,《本草纲目》要点/现代药理参考
白花蛇舌草,bai hua she she cao,中药材,民间草药类,温、寒、凉,苦甘、辛咸,肾;肝;脾;胃;胆;心;小肠;肺,清热解毒;消肿利尿,咽喉肿痛;湿热泻,阴虚、气滞、痰湿、气虚、平和,适量使用;忌过量,阴虚火旺慎；脾虚湿盛慎；孕妇慎；实热内盛慎,四季,煮粥/煎服/蒸食/煲汤/凉拌/炖煮/烹饪/泡饮,姜;米;红枣,辛辣;油腻,——,10-50g/日,常见食疗与草药条目，兼具调理与保健价值。,《本草纲目》要点/现代药理参考
白芷,bai zhi,中药材,解表、木本花果类,寒、热,咸、苦甘,脾;胃;肝;肾;肺;心;胆;小肠;膀胱,祛风止痛;通鼻窍;燥湿止带,阳明头痛;鼻渊;头痛;带下,痰湿、阳虚、血虚、平和、气虚,过量慎用,阴虚火旺慎；脾虚湿盛慎；实热内盛慎；孕妇慎；高尿酸慎,四季,外用/冲服/后下/泡茶/煲汤/煎服/炙用/先煎/包煎/生食/研末,白芷;姜;枣;米;川芎;细辛;防风;羌活,——,——,9-30g/日,常用药理特性：具免疫调节与抗炎作用。；常用药理特性：具免疫调节、抗炎、抗氧化等作用。；兼具药理与传统用途：具清热、止痛、抗菌或收敛作用。,《本草纲目》要点/现代药理参考
白萝卜,bai luo bo,食材,蔬菜,凉,甘、辛,肺;胃,下气消食;清热化痰,食积不化;咳嗽痰多,痰湿、湿热、气滞,适量为宜;忌过食,脾胃虚寒慎;气虚体质慎,秋、冬,生食/煮汤/炖煮/炒菜,羊肉;牛肉;豆腐;海带;梨,人参;橘子;木耳;胡萝卜,150-250g/餐,——,营养成分丰富，含氨基酸、多糖及微量元素。,《本草纲目》要点/现代药理参考
百合,bai he,中药材,理气,热、平,辛咸、辛甘,心;小肠;肝;胆;肾;肺;脾;胃,养阴润肺;清心安神,失眠多梦;阴虚咳嗽,湿热、阴虚、气滞、气虚、痰湿,过量慎用,阴虚火旺慎；孕妇慎；实热内盛慎；脾虚湿盛慎,四季,煎服/研末/外用/后下/先煎/炙用/泡茶/冲服/生食/煲汤,姜;枣;米,——,——,1-3g/日,药食两用：具补益、安神或抗疲劳作用。,《本草纲目》要点/现代药理参考
百合南瓜羹,bai he nan gua geng,食材,节令食疗方,热,辛、苦甘,肝;肾;肺;心;小肠;脾;胃,养阴润燥;健脾,秋季皮肤干,阴虚、气滞、痰湿、平和、血虚,适量使用;忌过量,脾虚湿盛慎；孕妇慎；实热内盛慎；阴虚火旺慎,四季,凉拌/泡饮/蒸食/烹饪/煮粥/煎服/煲汤,姜;米;红枣,辛辣;油腻,30-100g/日,——,常见食疗与草药条目，兼具调理与保健价值。,《本草纲目》要点/现代药理参考
益母草,yi mu cao,中药材,活血利水,微寒,辛;苦,心包;肝;膀胱,活血调经;利尿消肿,月经不调;痛经;产后瘀阻腹痛;水肿尿少,血瘀、湿热、平和,血虚、阴虚,血虚无瘀者慎;孕妇慎,四季,煎服/入膳/熬膏,当归;川芎,——,——,9-30g/日,药食参考条目。为妇科活血调经要药。,《中国药典》/《神农本草经》
盐,yan,食材,调味品复方类,热,咸、甘酸,肝;胆;心;脾;胃;肺;肾;小肠,调味解毒;软坚,咽喉肿痛;瘰疬,血虚、气虚、气滞、阴虚、痰湿,适量使用;忌过量,脾虚湿盛慎；实热内盛慎；阴虚火旺慎,四季,蒸食/生食/熬膏/炖煮/外用/煎服,姜;葱;米,辛辣;油腻,适量,9-30g/日,广泛用于日常食疗、药膳及复方中，兼具营养与药理特性。,《本草纲目》要点/现代药理参考
知母,zhi mu,中药材,解表,温,甘酸、甘,肺;脾;胃;肝;肾;心;小肠;胆;膀胱;大肠,清热泻火;滋阴润燥,热病烦渴;骨蒸潮热,气虚、平和、湿热、阴虚、痰湿,过量慎用,实热内盛慎；孕妇慎；阴虚火旺慎；脾虚湿盛慎；高尿酸慎,四季,煎服/外用/冲服/后下/煲汤/先煎/泡茶/炙用/研末冲服/包煎,知母,——,——,15-60g/日,常用药理特性：具免疫调节与抗炎作用。；常用药理特性：具免疫调节、抗炎、抗氧化等作用。,《本草纲目》要点/现代药理参考
石斑鱼,shi ban yu,食材,海产类,寒,辛甘、辛咸,心;小肠;肝;胆;脾;胃;肾;肺,补气养血;健脾益胃,脾胃虚弱;气血不足,气滞、痰湿、湿热、气虚、阳虚,适量使用;忌过量,阴虚火旺慎；孕妇慎；实热内盛慎；脾虚湿盛慎,四季,泡茶/熬膏/生食/煲汤/炖煮/蒸食/煎服/外用,姜;葱;米,辛辣;油腻,15-60g/日,——,广泛用于日常食疗、药膳及复方中，兼具营养与药理特性。,《本草纲目》要点/现代药理参考
石斛,shi hu,中药材,稀有药材类,微温,淡、酸,肝;肾;肺;脾;胃;心;小肠;胆,养阴清热;益胃生津,阴虚热病;胃阴不足,气虚、平和、血虚、阳虚、阴虚,适量使用;忌过量,脾虚湿盛慎；实热内盛慎；孕妇慎；阴虚火旺慎,四季,泡茶/外用/煎服/泡饮/研末/煲汤/炖煮/炙用,枸杞;红枣;蜂蜜,油腻;辛辣,——,15-60g/日,稀有/名贵药材或补益品，适合体虚调养与药膳配伍。,《本草纲目》要点/现代药理参考
石斛枸杞水,shi hu gou qi shui,食材,药膳饮品类,平,甘,肝;肾,眼疲劳;咳嗽,肝;肾,气滞、痰湿、阴虚、气虚、湿热,孕期慎用;适量为宜,脾虚湿盛慎；孕妇慎；阴虚火旺慎,四季,泡饮,枸杞;红枣;桂圆,过量酒精,适量,3-9g/日,药膳或滋补饮品原料，适宜体虚调养及季节性食疗。,《本草纲目》要点/现代药理参考
石榴皮,shi liu pi,中药材,止血、化痰止咳,寒、大寒,苦、辛咸,大肠;胃;肾;肝;脾;心;肺;胆,涩肠止泻;止带杀虫,久泻久痢;虫积,阳虚、阴虚火旺、痰湿、血虚、阴虚,过量慎用,孕妇慎；高尿酸慎；脾虚湿盛慎；实热内盛慎；阴虚火旺慎,四季,煎服/先煎/后下/包煎/研末冲服/煲汤/冲服/炙用,石榴皮,——,——,100-250g/餐,常用药理特性：具免疫调节、抗炎、抗氧化等作用。,《本草纲目》要点/现代药理参考
石膏,shi gao,中药材,滋补、补益、活血、解表、温里,微温,甘酸、苦,心;肝;脾;肾;肺;胃;胆;小肠;膀胱;大肠,清热泻火;除烦止渴,高热烦渴;肺热喘咳,气虚、痰湿、阳虚、湿热、血虚,过量慎用,实热内盛慎；阴虚火旺慎；脾虚湿盛慎；孕妇慎,四季,煲汤/先煎/冲服/外用/炙用/后下/泡茶/煎服/包煎/研末冲服,石膏,——,——,9-30g/日,常用药理特性：具免疫调节与抗炎作用。；常用药理特性：具免疫调节、抗炎、抗氧化等作用。,《本草纲目》要点/现代药理参考
石菖蒲,shi chang pu,中药材,化湿开窍,温,辛;苦,心;胃,化湿开胃;开窍豁痰;醒神益智,湿阻中焦;脘痞不饥;痰浊蒙蔽清窍;神昏;健忘,痰湿、湿热、气滞、平和,阴虚火旺,阴虚阳亢;烦躁汗多者慎,四季,煎服/入膳,茯苓;远志,——,——,3-9g/日,药食参考条目。芳香化湿，开窍醒神。,《中国药典》/《神农本草经》
砂仁,sha ren,中药材,理气和胃,温,辛;香,脾;胃,化湿行气;温中止泻;安胎,湿阻中焦;脘腹胀痛;呕吐泄泻;妊娠恶阻;胎动不安,痰湿、气滞、阳虚,阴虚火旺,阴虚有热者慎,四季,煎服/入膳/后下,陈皮;木香,——,——,3-6g/日(后下),药食参考条目。芳香化湿，行气安胎。宜后下。,《中国药典》/《药性论》
硼砂,peng sha,中药材,清热解毒,温、寒、热、微温,甘酸、辛甘,肾;肝;胆;心;脾;胃;肺;小肠,清热解毒;化痰,咽喉肿痛;口疮,阴虚、阳虚、湿热、平和、痰湿,过量慎用,脾虚湿盛慎；实热内盛慎；阴虚火旺慎；孕妇慎,四季,煲汤/炙用/研末/外用/泡茶/先煎/冲服/生食/煎服/后下,姜;枣;米,——,——,3-9g/日,兼具药理与传统用途：具清热、止痛、抗菌或收敛作用。,《本草纲目》要点/现代药理参考
神曲,shen qu,中药材,消食,温,辛;甘,脾;胃,消食和胃;化积,饮食积滞;脘腹胀满;食少纳呆;泄泻,痰湿、气滞、平和,脾虚、阴虚,脾阴虚胃火盛者慎;无食积者慎,四季,煎服/入膳/炒用,山楂;麦芽,——,——,6-15g/日,药食参考条目。为发酵品，善消谷食积滞。,《中国药典》/《药性论》
秦艽,qin jiao,中药材,祛风湿清热,微寒,苦;辛,胃;肝;胆,祛风湿;清湿热;止痹痛,风湿痹痛;筋脉拘挛;骨蒸潮热;湿热黄疸,湿热、气滞、平和,脾虚、阳虚,脾虚便溏者慎;久病虚寒者忌,四季,煎服/入膳,防风;羌活,——,——,6-9g/日,药食参考条目。祛风湿，退虚热。,《中国药典》/《神农本草经》
竹叶,zhu ye,中药材,解表,寒,淡、辛咸,肝;胆;肾;肺;脾;胃;心,清热除烦;生津,热病心烦;口渴,血虚、阳虚、气虚、湿热、气滞,过量慎用,孕妇慎；脾虚湿盛慎；阴虚火旺慎；实热内盛慎,四季,冲服/外用/后下/煎服/先煎/研末/生食/炙用/煲汤,姜;枣;米,——,——,6-15g/日,药食两用：具清热、抗炎、调节代谢作用。,《本草纲目》要点/现代药理参考
竹笋,zhu sun,食材,蔬菜,寒,甘,肺;胃,清热化痰;利水,痰热咳嗽;小便不利,阳虚、阴虚、湿热、气滞,适量为宜;忌过食,实热内盛慎；孕妇慎；阴虚火旺慎；脾虚湿盛慎,四季,炒/煮,姜;枸杞;山药,酒精;油炸,100-200g/餐,——,营养学与食疗结合：具降脂、抗氧化、清热等功效。,《本草纲目》要点/现代药理参考
竹茹,zhu ru,中药材,养阴润燥,热,辛、苦甘,肝;胆;心;小肠;脾;胃;肾;肺,清热化痰;止呕,痰热咳嗽;呕吐,血虚、气滞、气虚、平和、阳虚,过量慎用,实热内盛慎；阴虚火旺慎；脾虚湿盛慎；孕妇慎,四季,先煎/后下/泡茶/煲汤/煎服/研末/生食/冲服/炙用/外用,姜;枣;米,——,——,6-15g/日,药食两用：具清热、抗炎、调节代谢作用。,《本草纲目》要点/现代药理参考
竹荪,zhu sun,食材,菌菇,寒,甘,肺;胃,润肺止咳;清热,肺热咳嗽;热病,湿热、阴虚,适量为宜,脾胃虚寒慎,夏,煮汤,鸡肉,——,20-30g/餐,——,菌中皇后，清香爽口，营养价值极高。,现代营养学
米仁(薏苡仁),mi ren,食材,谷物豆类,凉,甘,脾;肺;胃,健脾渗湿;除痹止泻;清热排脓,水肿;脚气;风湿痹痛;脾虚泄泻;肠痈,湿热、痰湿、平和,阴虚、阳虚,脾虚无湿者慎;孕妇慎,四季,煎服/入膳/煮粥,赤小豆;山药;茯苓,——,20-50g/日,30-60g/日,"即""薏苡仁""，药食两用。",《中国药典》/《神农本草经》
米酒,mi jiu,中药材,清热,温,苦、酸涩,肝;肾;肺;心;脾;小肠;胃;胆,补中益气;活血通络,气虚血滞;寒湿痹痛,湿热、阳虚、阴虚、气滞、平和,适量为宜;忌过食,脾虚湿盛慎；孕妇慎；实热内盛慎；阴虚火旺慎,四季,研末/炖煮/煎服/煲汤/冲泡/泡茶/泡酒/香料/生食/外用,姜;枸杞;蜂蜜,酒精;油炸,——,6-15g/日,兼具药理与生活应用价值，可入茶、入膳或泡酒使用。,《本草纲目》要点/现代药理参考
糯米,nuo mi,食材,调味品复方类,微温、寒、温、平,辛甘、甘酸,肾;肝;脾;胃;心;肺,补中益气;止泻,脾虚泄泻,气虚、阳虚、湿热,适量使用;忌过量,孕妇慎；脾虚湿盛慎；阴虚火旺慎,四季,煎服/生食/熬膏,姜;葱;米,辛辣;油腻,50-100g/餐,9-30g/日,广泛用于日常食疗、药膳及复方中，兼具营养与药理特性。,《本草纲目》要点/现代药理参考
紫苏,zi su,食材,调料,温,辛,肺;脾,发汗解表;理气安胎,风寒感冒;胎动不安,阳虚,适量为宜,——,夏、秋,调味/入药,鱼虾;蟹类,——,3-5g/次,——,香草之王，既是调料又是中药。,《本草纲目》/现代营养学
紫草,zi cao,中药材,清热凉血,寒,甘,心;肝,凉血活血;解毒透疹,血热毒盛;斑疹紫黑;麻疹不透;疮疡;湿疹,湿热、血瘀、平和,脾虚、阳虚,脾胃虚寒便溏者慎,四季,煎服/熬膏/外用,金银花;连翘,——,——,3-9g/日,药食参考条目。外用治烧烫伤、湿疹。,《中国药典》/《神农本草经》
紫菀,zi wan,中药材,润肺化痰,温,苦;辛;甘,肺,润肺下气;化痰止咳,痰多喘咳;新久咳嗽;劳嗽咳血,痰湿、平和、气虚,阴虚火旺,阴虚燥咳者慎;实热咳喘者忌,四季,煎服/蜜炙,款冬花;杏仁,——,——,5-10g/日,药食参考条目。蜜炙后润肺止咳力佳。,《中国药典》/《神农本草经》
紫菜,zi cai,食材,海产类,寒,苦甘、甘酸,肺;脾;胃;心;肝;胆;小肠;肾,软坚散结;清热,瘰疬;痰核,血虚、气滞、湿热、平和,适量使用;忌过量,阴虚火旺慎；孕妇慎；脾虚湿盛慎,四季,蒸食/生食/泡茶/炖煮/熬膏/煲汤/外用/煎服,姜;葱;米,辛辣;油腻,100-200g/餐,——,广泛用于日常食疗、药膳及复方中，兼具营养与药理特性。,《本草纲目》要点/现代药理参考
红枣,hong zao,食材,果品,温,甘,脾;胃,补中益气;养血安神,脾虚食少;失眠,血虚、平和、痰湿、气虚、阴虚,适量为宜;忌过食,孕妇慎；阴虚火旺慎；脾虚湿盛慎；实热内盛慎,四季,煮汤,姜;枸杞;山药;桂圆;莲子;花生,酒精;油炸;海鲜;葱;萝卜,10-20g/日,1-3g/日,营养学与食疗结合：具降脂、抗氧化、清热等功效。,《本草纲目》要点/现代药理参考
红枣桂圆粥,hong zao gui yuan zhou,食材,节令食疗方,温,辛、酸涩,肝;胆;肺;脾;胃;肾;心;小肠,补血安神;温中,冬季虚寒,平和、气滞、阳虚、气虚、湿热,适量使用;忌过量,阴虚火旺慎；实热内盛慎；脾虚湿盛慎；孕妇慎,四季,煲汤/煮粥/蒸食/烹饪/泡饮/炖煮/凉拌,姜;米;红枣,辛辣;油腻,适量,——,常见食疗与草药条目，兼具调理与保健价值。,《本草纲目》要点/现代药理参考
红糖,hong tang,食材,糖类,温,甘,肝;脾;胃,补血活血;温中健脾,血虚;脾胃虚寒,血虚、阳虚,适量为宜,糖尿病禁,秋、冬,调味/冲饮,生姜;红枣,——,10-20g/次,——,女性佳品，补血暖宫，产后必备。,《本草纲目》/现代营养学
红花,hong hua,中药材,温里、理气,温,辛咸、苦甘,肾;肝;心;小肠;脾;胆;胃;肺,活血通经;祛瘀止痛,痛经;跌打损伤,平和、阳虚、阴虚、气虚、湿热,过量慎用,脾虚湿盛慎；孕妇慎；阴虚火旺慎；实热内盛慎,四季,炙用/煲汤/研末/泡茶/生食/煎服/外用/后下/先煎/冲服,姜;枣;米,——,——,15-60g/日,药食两用：具补益、安神或抗疲劳作用。,《本草纲目》要点/现代药理参考
红茶,hong cha,食材,茶类,温,甘;苦,心;脾;胃,温胃健脾;提神,脾胃虚寒;疲劳,阳虚、气虚,适量饮用,——,冬,泡饮,牛奶;柠檬,——,3-5g/泡,——,全发酵茶，香高味浓，温暖脾胃。,《茶经》/现代营养学
红豆,hong dou,食材,豆类,平,甘,心;小肠,健脾益气;和胃助运,食欲不振;脾虚;食少;体倦乏力,平和、气虚、血虚,痰湿、湿热,小便多者慎,四季,煎服/入膳/煮粥,薏米;山药,——,30-60g/日,——,"药食参考条目。注意区分""赤小豆""，红豆利水渗湿力较弱，偏于补益。",《本草纲目》等/现代文献汇编
红豆(赤小豆),chi xiao dou,食材,豆类,平,甘酸,心;小肠,利水消肿;解毒排脓,水肿淋证,阳虚、阴虚、气虚,新鲜适量;个体过敏慎,高尿酸慎；海鲜过敏慎,四季,煮汤,生姜;枸杞;山药,过量油炸,100-250g/餐,——,营养学参考：高蛋白/矿物质/多糖/不饱和脂肪酸。,《本草纲目》要点/现代药理参考
续断,xu duan,中药材,理气、利水渗湿,热,辛、咸,肝;胆;肾;肺;脾;胃;心,补肝肾;续筋接骨,跌打损伤;腰膝酸痛,阳亢、阳虚、阴虚火旺、气滞,过量慎用,阴虚火旺慎；高尿酸慎；脾虚湿盛慎,四季,冲服/炙用/煎服/外用/煲汤/包煎/后下,续断,——,——,15-60g/日,常用药理特性：具免疫调节、抗炎、抗氧化等作用。,《本草纲目》要点/现代药理参考
绿豆,lv dou;lu dou,食材,豆类,寒,甘、酸涩,心;胃;肾;肝;肺;脾;胆,清热解毒;利水,暑热烦渴;疮痈肿毒;水肿,平和、痰湿、气滞、血虚、气虚,适量为宜;忌过食；适量使用;忌过量；新鲜适量;个体过敏慎,脾虚湿盛慎；阴虚火旺慎；实热内盛慎；孕妇慎；高尿酸慎；海鲜过敏慎,四季,煮汤/炖煮/泡饮/凉拌/烹饪/蒸食,姜;枸杞;山药;米;红枣;生姜,酒精;油炸;辛辣;油腻;过量油炸,15-60g/日,——,营养学与食疗结合：具降脂、抗氧化、清热等功效。；常见食疗与草药条目，兼具调理与保健价值。；营养学参考：高蛋白/矿物质/多糖/不饱和脂肪酸。,《本草纲目》要点/现代药理参考
绿豆百合粥,lv dou bai he zhou,食材,节令食疗方,热,苦甘、酸,心;小肠;肾;肝;脾;胃;肺;胆,清热润肺;解暑,夏季烦热,气虚、血虚、痰湿、平和、阳虚,适量使用;忌过量,孕妇慎；实热内盛慎；阴虚火旺慎；脾虚湿盛慎,四季,烹饪/煎服/蒸食/泡饮/煲汤/煮粥/凉拌,姜;米;红枣,辛辣;油腻,10-50g/日,——,常见食疗与草药条目，兼具调理与保健价值。,《本草纲目》要点/现代药理参考
羊奶,yang nai,食材,乳品,温,甘,肺;胃;肾,温肺养胃;补肾,肺胃虚寒;肾虚,阳虚,适量为宜,——,四季,直饮/加热,蜂蜜,——,200-300ml/次,——,比牛奶更易消化，营养价值高。,现代营养学
羊肉,yang rou,动物类,畜肉,温,甘,脾;肾,温补脾肾;祛寒,虚寒腹痛;腰膝冷痛,气虚、阴虚、血虚,新鲜适量;个体过敏慎,海鲜过敏慎；高尿酸慎,四季,清炖/涮,生姜;枸杞;山药,过量油炸;西瓜;南瓜;茶;醋,100-250g/餐,——,营养学参考：高蛋白/矿物质/多糖/不饱和脂肪酸。,《本草纲目》要点/现代药理参考
羊肉萝卜汤,yang rou luo bo tang,食材,节令食疗方,平,酸涩、苦,心;小肠;肝;胆;肾;肺;脾;胃,温补脾肾;理气,冬季寒冷,痰湿、血虚、阴虚、气虚、阳虚,适量使用;忌过量,孕妇慎；脾虚湿盛慎；阴虚火旺慎；实热内盛慎,四季,煲汤/凉拌/泡饮/煎服/煮粥/蒸食/炖煮,姜;米;红枣,辛辣;油腻,10-50g/日,——,常见食疗与草药条目，兼具调理与保健价值。,《本草纲目》要点/现代药理参考
羌活,qiang huo,中药材,祛风散寒,温,辛;苦,肾;膀胱,调理脏腑;扶正祛邪,食积不化;气滞;湿困中焦,平和体质为主，结合个体情况,孕妇或慢性病患者遵医嘱,过敏者禁用,四季,煎服/入膳,——,——,——,3-9g/日,药食参考条目，后续可细化现代研究与营养信息。,《本草纲目》等/现代文献汇编(占位)
肉桂,rou gui,中药材,活血、补益,热,酸、辛甘,心;小肠;肺;脾;胃;肝;胆;肾,补火助阳;温通经脉,肾阳虚冷;痛经,平和、阴虚、湿热、血虚、阳虚,过量慎用,实热内盛慎；孕妇慎；脾虚湿盛慎；阴虚火旺慎；高尿酸慎,四季,外用/煲汤/炙用/冲服/先煎/后下/煎服/泡茶/包煎/研末冲服,肉桂,——,——,9-30g/日,常用药理特性：具免疫调节与抗炎作用。；常用药理特性：具免疫调节、抗炎、抗氧化等作用。,《本草纲目》要点/现代药理参考
肉苁蓉,rou cong rong,中药材,补阳,温,甘;咸,肾;大肠,补肾阳;润肠通便,阳痿不举;肠燥便秘,阳虚,实热便秘慎,——,冬,煎服/酒制,——,——,——,6-12g/日,药食两用记载,中医方药
胖大海,pang da hai,中药材,清热润肺,凉,甘,肺;大肠,清热润肺;利咽解毒;润肠通便,肺热声哑;咽喉肿痛;干咳无痰;肠燥便秘,阴虚、湿热、平和,阳虚、脾虚,脾胃虚寒者慎;风寒咳嗽者忌;糖尿病患者慎,四季,煎服/入膳/泡服,甘草;桔梗,——,——,2-3枚/日,药食参考条目。适用于肺热咽痛开音。,《中国药典》/《本草纲目拾遗》
胡萝卜,hu luo bo,食材,蔬菜,平,甘,脾;胃,健脾消食;明目,食积不化;夜盲,痰湿、平和、血虚、气虚、气滞,适量为宜;忌过食；新鲜适量;个体过敏慎,脾虚湿盛慎；实热内盛慎；阴虚火旺慎；孕妇慎；海鲜过敏慎；高尿酸慎,四季,清炒/炖汤,姜;枸杞;山药;生姜,酒精;油炸;过量油炸,100-150g/餐,——,营养成分丰富，含氨基酸、多糖及微量元素。；营养学参考：高蛋白/矿物质/多糖/不饱和脂肪酸。,《本草纲目》要点/现代药理参考
艾叶,ai ye,中药材,木本花果类、矿物盐类,平,辛咸、甘,肝;肾;肺;心;脾;胃;小肠;胆,温经止血;散寒止痛,月经不调;腹痛,血虚、阳虚、痰湿、阴虚、湿热,过量慎用,孕妇慎；实热内盛慎；阴虚火旺慎；脾虚湿盛慎,四季,先煎/炙用/煎服/冲服/煲汤/研末/泡茶/外用/后下/生食,姜;枣;米,——,——,3-9g/日,兼具药理与传统用途：具清热、止痛、抗菌或收敛作用。,《本草纲目》要点/现代药理参考
艾绒,ai rong,中药材,外用草药类,平,酸、苦甘,心;小肠;肺;脾;胃;肝;胆;肾,温经止血;散寒止痛,宫寒;痛经,平和、湿热、气虚、阳虚、阴虚,适量使用;忌过量,阴虚火旺慎；实热内盛慎；脾虚湿盛慎；孕妇慎,四季,煎服/炖煮/外用/蒸食/熬膏/煲汤/泡茶/生食,姜;葱;米,辛辣;油腻,——,1-3g/日,广泛用于日常食疗、药膳及复方中，兼具营养与药理特性。,《本草纲目》要点/现代药理参考
艾草,ai cao,中药材,民间草药类,平、微温、寒,苦、酸,肝;肾;肺;脾;胃;胆;心;小肠,温经止血;散寒止痛,月经不调;宫寒,气滞、血虚、痰湿、平和、阳虚,适量使用;忌过量,实热内盛慎；孕妇慎；脾虚湿盛慎；阴虚火旺慎,四季,煲汤/凉拌/炖煮/煮粥/烹饪/煎服/泡饮,姜;米;红枣,辛辣;油腻,——,30-100g/日,常见食疗与草药条目，兼具调理与保健价值。,《本草纲目》要点/现代药理参考
芋头,yu tou,食材,蔬菜,平,甘、辛,脾;胃,补中益气;化痰散结,脾虚;痰核;瘰疬,气虚、平和,适量为宜,胃肠积滞慎,秋、冬,蒸/煮/炒,排骨;鸡肉;香菇,香蕉,100-150g/餐,——,营养成分丰富，含氨基酸、多糖及微量元素。,《本草纲目》要点/现代药理参考
芒硝,mang xiao,中药材,木本花果类、外用草药类,热,甘酸、辛咸,肺;脾;胃;肾;肝;心;小肠;胆,泻下软坚;清热消肿,热结便秘;咽喉肿痛,血虚、阳虚、气虚、湿热、平和,过量慎用,脾虚湿盛慎；孕妇慎；实热内盛慎；阴虚火旺慎,四季,先煎/炙用/生食/后下/研末/煎服/泡茶/煲汤/冲服/外用,姜;枣;米,——,——,6-15g/日,兼具药理与传统用途：具清热、止痛、抗菌或收敛作用。,《本草纲目》要点/现代药理参考
芝麻(黑),hei zhi ma,食材,坚果籽仁,平,甘,肝;肾;大肠,滋补肝肾;润肠,头晕耳鸣;便秘;肠燥便秘,阴虚、平和、血虚、气滞、气虚,适量为宜;忌过食；新鲜适量;个体过敏慎,实热内盛慎；阴虚火旺慎；脾虚湿盛慎；孕妇慎；海鲜过敏慎；高尿酸慎,四季,粥/糕点,姜;枸杞;山药;生姜;蜂蜜,酒精;油炸;过量油炸,10-20g/日,6-15g/日,营养成分丰富，含氨基酸、多糖及微量元素。；营养学参考：高蛋白/矿物质/多糖/不饱和脂肪酸。；食疗与营养兼顾：含多糖、黄酮、维生素等，具有抗氧化作用。,《本草纲目》要点/现代药理参考
芝麻酱,zhi ma jiang,食材,调料,平,甘,肝;肾;大肠,滋补肝肾;润肠,肝肾不足;便秘,阴虚,适量为宜,肥胖慎食,四季,调味/蘸料,面条;蔬菜,——,15-20g/餐,——,芝麻制品，香浓润燥，钙质丰富。,现代营养学
芦根,lu gen,中药材,清热生津,寒,甘,肺;胃,清热泻火;生津止渴;除烦止呕;利尿,热病烦渴;胃热呕哕;肺热咳嗽;小便短赤,湿热、阴虚、平和,阳虚、脾虚,脾胃虚寒者慎,四季,煎服/入膳/鲜用,麦冬;天花粉,——,——,15-30g/日,药食参考条目。清热生津，兼能利尿。,《中国药典》/《名医别录》
芦荟,lu hui,中药材,外用草药类,凉、平、寒,淡、甘酸,心;肝;脾;肾;肺;小肠;胃;胆,清热泻火;解毒,便秘;咽喉肿痛,阴虚、气滞、湿热、平和、血虚,适量使用;忌过量,实热内盛慎；孕妇慎；脾虚湿盛慎；阴虚火旺慎,四季,生食/煲汤/蒸食/熬膏/泡茶/煎服/外用/炖煮,姜;葱;米,辛辣;油腻,——,6-15g/日,广泛用于日常食疗、药膳及复方中，兼具营养与药理特性。,《本草纲目》要点/现代药理参考
花旗参茶,hua qi shen cha,食材,药膳饮品类,凉,甘微苦,心;肺,体虚口渴;心烦,心;肺,湿热、气虚、血虚、阳虚、痰湿,孕期慎用;适量为宜,阴虚火旺慎；孕妇慎；实热内盛慎；脾虚湿盛慎,四季,泡饮,枸杞;红枣;桂圆,过量酒精,适量,6-15g/日,药膳或滋补饮品原料，适宜体虚调养及季节性食疗。,《本草纲目》要点/现代药理参考
花椒,hua jiao,中药材,理气,平、温、寒,咸、苦甘,肝;胆;心;脾;胃;肾;肺;小肠,温中止痛;杀虫,腹冷痛;蛔虫,阳虚、阴虚、痰湿、气滞、湿热,适量为宜;忌过食,孕妇慎；阴虚火旺慎；实热内盛慎；脾虚湿盛慎,四季,研末/冲泡/泡酒/生食/外用/煲汤/香料/泡茶/炖煮,姜;枸杞;蜂蜜,酒精;油炸,——,适量入菜,兼具药理与生活应用价值，可入茶、入膳或泡酒使用。,《本草纲目》要点/现代药理参考
花椒油,hua jiao you,食材,调味品复方类,平,辛咸、甘,肾;肝;心;脾;肺;胆;胃,温中止痛;杀虫,腹冷痛;蛔虫,血虚、痰湿、气滞、平和、阳虚,适量使用;忌过量,脾虚湿盛慎；实热内盛慎；阴虚火旺慎；孕妇慎,四季,泡茶/生食/蒸食/煲汤/外用/熬膏,姜;葱;米,辛辣;油腻,15-60g/日,——,广泛用于日常食疗、药膳及复方中，兼具营养与药理特性。,《本草纲目》要点/现代药理参考
花生,hua sheng,食材,坚果籽仁,平,甘,脾;肺,补脾养血;润肺,食少体虚;咳嗽,痰湿、平和、阳虚、气滞、湿热,适量为宜;忌过食,实热内盛慎；孕妇慎；阴虚火旺慎；脾虚湿盛慎,四季,水煮/炒,姜;枸杞;山药,酒精;油炸,15-60g/日,——,营养成分丰富，含氨基酸、多糖及微量元素。,《本草纲目》要点/现代药理参考
芹菜,qin cai,食材,蔬菜,凉,甘苦,肝;胃,平肝清热;降压,肝阳上亢;高血压,湿热、平和、血虚、痰湿、阴虚,适量为宜;忌过食,脾虚湿盛慎；阴虚火旺慎；实热内盛慎；孕妇慎,四季,炒/凉拌,姜;枸杞;山药,酒精;油炸,15-60g/日,——,营养学与食疗结合：具降脂、抗氧化、清热等功效。,《本草纲目》要点/现代药理参考
苏叶,su ye;zi su ye,中药材,解表,温,辛,肺;脾,发表散寒;行气和胃;解鱼蟹毒,风寒感冒;咳嗽呕恶;胸腹胀满;鱼蟹中毒,气滞、阳虚、平和,阴虚、湿热,气虚;阴虚内热者慎,四季,煎服/入膳/后下,生姜;陈皮,鲤鱼,——,3-6g/日,药食两用：常用于烹饪去腥，亦可解表。,《中国药典》/《名医别录》
苦参,ku shen,中药材,清热燥湿,寒,苦,心;肝;胃;大肠;小肠,清热燥湿;杀虫利尿,湿热泻痢;黄疸;带下;湿疹瘙痒;疥癣,湿热、痰湿、平和,脾虚、阳虚,脾胃虚寒者慎;肝肾功能不全者慎,四季,煎服/外洗,黄柏;苍术,——,——,6-9g/日,药食参考条目。内服外用均可。,《中国药典》/《神农本草经》
苦瓜,ku gua,食材,蔬菜,寒,苦,心;肝;脾;肺,清热解毒;明目,暑热烦渴;目赤,湿热、痰湿,适量为宜,脾胃虚寒慎;孕妇慎,夏,清炒/凉拌/煲汤,鸡蛋;豆豉;猪肝,——,50-100g/餐,——,营养成分丰富，含氨基酸、多糖及微量元素。,《本草纲目》要点/现代药理参考
苹果,ping guo,食材,果品,平,甘酸,脾;胃,生津润肺;开胃健脾,食少纳呆;口渴,阴虚、气滞、气虚、平和、痰湿,适量为宜;忌过食,孕妇慎；阴虚火旺慎；脾虚湿盛慎；实热内盛慎,四季,鲜食/蒸,姜;枸杞;山药;蜂蜜,酒精;油炸,15-60g/日,——,营养成分丰富，含氨基酸、多糖及微量元素。；食疗与营养兼顾：含多糖、黄酮、维生素等，具有抗氧化作用。,《本草纲目》要点/现代药理参考
苹果干,ping guo gan,食材,花果茶类,凉、寒、热,咸、甘酸,肾;肝;心;脾;胆;肺;胃;小肠,健脾开胃;润肺生津,食欲不振;咳嗽,阳虚、气虚、痰湿、气滞、湿热,适量使用;忌过量,孕妇慎；脾虚湿盛慎；阴虚火旺慎,四季,煮粥/蒸食/煎服/烹饪/凉拌/煲汤/炖煮,姜;米;红枣,辛辣;油腻,适量,——,常见食疗与草药条目，兼具调理与保健价值。,《本草纲目》要点/现代药理参考
茄子,qie zi,食材,蔬菜,凉,甘,脾;胃;大肠,清热活血;消肿止痛,肠风下血;热毒痈肿,湿热、血瘀,适量为宜,脾胃虚寒慎,夏、秋,炒/烧/蒸,肉类;豆角;蒜,螃蟹;黑鱼,100-150g/餐,——,营养成分丰富，含氨基酸、多糖及微量元素。,《本草纲目》要点/现代药理参考
茅根,mao gen,中药材,凉血止血,寒,甘,肺;胃;膀胱,凉血止血;清热利尿,血热吐血;衄血;尿血;热病烦渴;小便不利,湿热、血热、平和,阳虚、脾虚,脾胃虚寒;小便多者慎,四季,煎服/入膳/鲜用,藕节;蒲黄,——,——,15-30g/日,药食参考条目。即白茅根。,《中国药典》/《神农本草经》
茉莉花,mo li hua,中药材,清热,热,辛咸、辛甘,肺;脾;胃;肝;肾;心;小肠;胆,理气开郁;化湿,脾胃不和;胸闷,平和、气滞、气虚、阳虚、阴虚,适量为宜;忌过食,阴虚火旺慎；孕妇慎；实热内盛慎；脾虚湿盛慎,四季,外用/泡酒/煎服/研末/炖煮/生食/冲泡/泡茶/香料/煲汤,姜;枸杞;蜂蜜,酒精;油炸,——,6-15g/日,兼具药理与生活应用价值，可入茶、入膳或泡酒使用。,《本草纲目》要点/现代药理参考
茜草,qian cao,中药材,凉血止血,寒,苦,肝,凉血止血;活血通经,吐衄崩漏;经闭痛经,血热,孕妇慎,——,四季,煎服,——,——,——,9-15g/日,止血研究,中医方药
茭白,jiao bai,食材,蔬菜,寒,甘,肝;脾;胃,清热利湿;解酒毒,黄疸;水肿;酒醉,湿热、痰湿,适量为宜,脾胃虚寒慎,夏、秋,清炒/煲汤,猪肉;豆腐;香菇,蜂蜜,100-150g/餐,——,营养成分丰富，含氨基酸、多糖及微量元素。,《本草纲目》要点/现代药理参考
茯苓,fu ling,中药材,理气,温、微温,甘酸、咸,肝;胆;心;小肠;肺;脾;胃;肾,利水渗湿;健脾安神;宁心安神,水肿;心悸失眠,气虚、平和、血虚、湿热、阴虚,过量慎用,实热内盛慎；孕妇慎；脾虚湿盛慎；阴虚火旺慎；高尿酸慎,四季,冲服/后下/先煎/炙用/泡茶/煲汤/生食/研末/煎服/外用/研末冲服,姜;枣;米;茯苓;山药;薏米;白术;党参;莲子,——,——,15-60g/日,药食两用：具补益、安神或抗疲劳作用。；常用药理特性：具免疫调节与抗炎作用。；常用药理特性：具免疫调节、抗炎、抗氧化等作用。,《本草纲目》要点/现代药理参考
茵陈,yin chen,中药材,利湿退黄,微寒,苦;辛,脾;胃;肝;胆,清热利湿;利胆退黄,黄疸尿少;湿疮瘙痒;湿热痢疾,湿热、痰湿、平和,阳虚、血虚,蓄血发黄;非湿热黄疸者忌,四季,煎服/入膳/外洗,栀子;大黄;车前子,——,——,9-30g/日,药食参考条目。为治黄疸要药。,《中国药典》/《神农本草经》
荆芥,jing jie,中药材,解表,微温,辛,肺;肝,发表散风;透疹;消疮;止血,风寒感冒;头痛咽痛;麻疹不透;疮疡初起;便血,阳虚、气滞、平和,阴虚、血虚,阴虚火旺;表虚自汗者慎;疮疡已溃者忌,四季,煎服/入膳/炒炭止血,防风;薄荷,——,——,5-10g/日,药食参考条目。生用发表，炒炭止血。,《中国药典》/《神农本草经》
荞麦,qiao mai,食材,谷物豆类,微温,辛、苦,心;小肠;肝;胆;脾;肾;肺;胃,健脾消积;降压,食积胀满;高血压,阴虚、气滞、阳虚、湿热、血虚,适量使用;忌过量,脾虚湿盛慎；实热内盛慎；孕妇慎；阴虚火旺慎,四季,蒸食/泡饮/煎服/煮粥/炖煮/煲汤/烹饪,姜;米;红枣,辛辣;油腻,50-100g/餐,——,常见食疗与草药条目，兼具调理与保健价值。,《本草纲目》要点/现代药理参考
荷叶,he ye,中药材,化湿,平,苦;涩,肝;脾;胃,清暑利湿;升发清阳,暑湿纳呆;乏力倦怠,湿热,脾胃虚寒慎,——,夏,煎服/泡饮,——,——,——,9-15g/日,减脂辅助研究,中医方药
莱菔子,lai fu zi,中药材,消食化滞,平,辛;甘,肺;脾;胃,消食除胀;降气化痰,食积胀满;咳嗽痰多,痰湿,气虚者慎,——,四季,煎服/打碎先煎,——,——,——,6-10g/日,理化消化酶促进,中医方药
莲子,lian zi,中药材,清热解毒,平,酸涩、淡,肝;胆;心;小肠;脾;胃;肺;肾,补脾止泻;益肾涩精;养心安神,脾虚泄泻;遗精带下;心悸失眠,阳虚、阴虚、湿热、血虚、气虚,过量慎用,孕妇慎；实热内盛慎；阴虚火旺慎；脾虚湿盛慎,四季,炙用/煲汤/冲服/后下/生食/研末/外用/先煎/泡茶,姜;枣;米,——,——,100-250g/餐,兼具药理与传统用途：具清热、止痛、抗菌或收敛作用。,《本草纲目》要点/现代药理参考
莲子银耳汤,lian zi yin er tang,食材,节令食疗方,微温,酸、辛,肺;脾;胃;肾;肝;胆;心;小肠,润肺生津;养颜,夏季干燥,平和、湿热、痰湿、阴虚,适量使用;忌过量,实热内盛慎；孕妇慎；阴虚火旺慎；脾虚湿盛慎,四季,煮粥/烹饪/凉拌/煎服/炖煮/泡饮/蒸食,姜;米;红枣,辛辣;油腻,30-100g/日,——,常见食疗与草药条目，兼具调理与保健价值。,《本草纲目》要点/现代药理参考
莲藕,lian ou,食材,蔬菜,凉,甘,心;肺;胃,清热生津;凉血散瘀,热病烦渴;咯血,阴虚、血虚、阳虚、平和、气虚,适量为宜;忌过食,实热内盛慎；孕妇慎；脾虚湿盛慎；阴虚火旺慎,四季,凉拌/炖汤,姜;枸杞;山药,酒精;油炸,100-250g/餐,——,营养学与食疗结合：具降脂、抗氧化、清热等功效。,《本草纲目》要点/现代药理参考
菊花,ju hua,中药材,清热,温,苦、苦甘,肝;胆;心;脾;小肠;肾;肺;胃;膀胱,疏风清热;平肝明目,头痛眩晕;目赤,血虚、阳虚、痰湿、湿热、气滞,适量为宜;忌过食；过量慎用,脾虚湿盛慎；孕妇慎；实热内盛慎；阴虚火旺慎；高尿酸慎,四季,外用/香料/生食/冲泡/炖煮/煎服/泡茶/煲汤/研末/泡酒/冲服/研末冲服/包煎/先煎,姜;枸杞;蜂蜜;菊花;金银花;决明子;桑叶,酒精;油炸,——,适量入菜,兼具药理与生活应用价值，可入茶、入膳或泡酒使用。；常用药理特性：具免疫调节、抗炎、抗氧化等作用。,《本草纲目》要点/现代药理参考
菊花茶,ju hua cha,食材,茶类,寒,甘;苦,肝;肺,清肝明目;清热解毒,肝火;目赤;风热感冒,湿热、肝火,适量饮用,脾胃虚寒慎,夏、秋,泡饮,枸杞;蜂蜜,——,3-6g/泡,——,清热名花，明目佳品，办公人群首选。,《本草纲目》/现代营养学
菟丝子,tu si zi,中药材,养阴,寒,辛咸、咸,脾;胃;肝;肾;肺;心;小肠;胆,补肾益精;明目止泻,肾虚阳痿;目昏,平和、痰湿、阴虚、气滞、阳虚,过量慎用,孕妇慎；脾虚湿盛慎；实热内盛慎；阴虚火旺慎,四季,先煎/冲服/后下/研末/外用/炙用/泡茶/生食,姜;枣;米,——,——,100-250g/餐,药食两用：具补益、安神或抗疲劳作用。,《本草纲目》要点/现代药理参考
菠菜,bo cai,食材,蔬菜,凉,甘,肝;胃,养血止血;润燥,便秘;贫血,痰湿、湿热、血虚、气滞、气虚,适量为宜;忌过食；新鲜适量;个体过敏慎,脾虚湿盛慎；孕妇慎；实热内盛慎；阴虚火旺慎；高尿酸慎；海鲜过敏慎,四季,快炒/汆烫,姜;枸杞;山药;生姜;豆腐;芝麻;木耳;胡萝卜,酒精;油炸;过量油炸;豆腐(草酸);黄瓜;韭菜,100-200g/餐,——,营养成分丰富，含氨基酸、多糖及微量元素。；营养学与食疗结合：具降脂、抗氧化、清热等功效。；营养学参考：高蛋白/矿物质/多糖/不饱和脂肪酸。,《本草纲目》要点/现代药理参考
葛根,ge gen,中药材,解肌升阳,凉,甘;辛,脾;胃,解肌退热;生津止渴;升阳止泻,外感发热;项背强痛;麻疹不透;津伤口渴;泄泻,湿热、平和、阴虚,阳虚、痰湿,胃寒呕吐者慎,四季,煎服/入膳/研末,柴胡;升麻,——,适量入膳,10-15g/日,药食两用：常用于解酒、升阳。,《中国药典》/《神农本草经》
葡萄,pu tao,食材,果品,平,甘酸,脾;肝;肾,补气血;强筋骨,气血不足;体虚,痰湿、血虚、阴虚、气虚、平和,适量为宜;忌过食,孕妇慎；实热内盛慎；脾虚湿盛慎；阴虚火旺慎,四季,鲜食/酿酒,姜;枸杞;山药;蜂蜜,酒精;油炸,100-150g/日,1-3g/日,营养成分丰富，含氨基酸、多糖及微量元素。；食疗与营养兼顾：含多糖、黄酮、维生素等，具有抗氧化作用。,《本草纲目》要点/现代药理参考
葱,cong,食材,调味品复方类,温,淡、苦,肝;胆;肾;肺;心;小肠;脾;胃,发汗解表;通阳,感冒;鼻塞,阳虚、气滞、血虚、平和、气虚,适量使用;忌过量,脾虚湿盛慎；实热内盛慎；阴虚火旺慎；孕妇慎,四季,泡茶/生食/炖煮/煲汤/煎服/熬膏,姜;葱;米,辛辣;油腻,适量,——,广泛用于日常食疗、药膳及复方中，兼具营养与药理特性。,《本草纲目》要点/现代药理参考
蒜,suan,食材,调味品复方类,微温,甘酸、辛咸,肺;脾;胃;肝;肾;心;小肠;胆,解毒杀虫;温中,食积;腹胀,平和、气虚、阳虚、血虚,适量使用;忌过量,实热内盛慎；阴虚火旺慎；脾虚湿盛慎,四季,炖煮/生食/外用/蒸食/煲汤/泡茶/煎服,姜;葱;米,辛辣;油腻,适量,——,广泛用于日常食疗、药膳及复方中，兼具营养与药理特性。,《本草纲目》要点/现代药理参考
蒲公英,pu gong ying,食材,蔬菜,寒,苦;甘,肝;胃,清热解毒;利尿,热毒;肝火;小便不利,湿热、肝火,适量为宜,脾胃虚寒慎,春、夏,凉拌/泡茶,——,——,30-50g/餐,——,天然抗生素，清肝解毒，药食两用。,《本草纲目》/现代营养学
蔓荆子,man jing zi,中药材,疏风清热,微寒,苦;辛,肝;胃;膀胱,调理脏腑;扶正祛邪,食积不化;气滞;湿困中焦,平和体质为主，结合个体情况,孕妇或慢性病患者遵医嘱,过敏者禁用,四季,煎服/入膳,——,——,——,6-12g/日,药食参考条目，后续可细化现代研究与营养信息。,《本草纲目》等/现代文献汇编(占位)
蕨菜,jue cai,食材,野菜山珍类,凉,甘,脾;胃,清热解毒;利湿,湿热黄疸;便秘,湿热、气虚、痰湿、血虚、气滞,新鲜适量食用,实热内盛慎；孕妇慎；阴虚火旺慎；脾虚湿盛慎,四季,焯炒/凉拌,姜;蒜;香油,辛辣;油炸,适量,1-3g/日,山野食材兼具养生与食疗价值，富含氨基酸与多糖。,《本草纲目》要点/现代药理参考
薄荷,bo he,中药材,凉血,热,苦、苦甘,心;肝;脾;肺;胃;肾;小肠;胆;大肠;膀胱,疏风清热;利咽透疹,风热感冒;咽痛,气虚、血虚、阳虚、阴虚、气滞,过量慎用,阴虚火旺慎；脾虚湿盛慎；实热内盛慎；孕妇慎；高尿酸慎,四季,生食/炙用/研末/泡茶/冲服/煎服/煲汤/先煎/外用/后下,姜;枣;米;薄荷;菊花;金银花;桑叶;荆芥,——,——,1-3g/日,药食两用：具清热、抗炎、调节代谢作用。；常用药理特性：具免疫调节与抗炎作用。；常用药理特性：具免疫调节、抗炎、抗氧化等作用。,《本草纲目》要点/现代药理参考
薄荷叶,bo he ye,中药材,调味香料类,热,甘、酸涩,肺;脾;胃;肝;肾;胆;心;小肠,疏风清热;利咽,头痛;咽痛,气滞、湿热、痰湿、气虚、阳虚,适量为宜;忌过食,实热内盛慎；脾虚湿盛慎；阴虚火旺慎；孕妇慎,四季,研末/冲泡/泡酒/外用/煎服/香料/炖煮/泡茶/生食/煲汤,姜;枸杞;蜂蜜,酒精;油炸,——,1-3g/日,兼具药理与生活应用价值，可入茶、入膳或泡酒使用。,《本草纲目》要点/现代药理参考
薄荷油,bo he you,中药材,外用草药类,平,辛咸、酸,脾;胃;肝;肾;肺;胆;心;小肠,疏风清热;芳香开窍,头痛;鼻塞,平和、血虚、气滞、湿热、痰湿,适量使用;忌过量,阴虚火旺慎；孕妇慎；实热内盛慎；脾虚湿盛慎,四季,蒸食/炖煮/煲汤/生食/泡茶/熬膏/煎服/外用,姜;葱;米,辛辣;油腻,——,15-60g/日,广泛用于日常食疗、药膳及复方中，兼具营养与药理特性。,《本草纲目》要点/现代药理参考
薏米,yi mi,食材,谷物,凉,甘淡,脾;肺,健脾渗湿;除痹止泻,水肿;风湿痹痛,血虚、平和、痰湿、阳虚、气虚,适量为宜;忌过食,孕妇慎；脾虚湿盛慎；阴虚火旺慎；实热内盛慎,四季,煮粥,姜;枸杞;山药,酒精;油炸,30-50g/日,1-3g/日,营养学与食疗结合：具降脂、抗氧化、清热等功效。,《本草纲目》要点/现代药理参考
薏苡仁,yi yi ren,中药材,利水渗湿,凉,甘,脾;肺;胃,健脾渗湿;除痹止泻;清热排脓,水肿;脚气;风湿痹痛;脾虚泄泻;肠痈,湿热、痰湿、平和,阴虚、阳虚,脾虚无湿者慎;孕妇慎,四季,煎服/入膳/煮粥,赤小豆;山药;茯苓,——,30-60g/餐,15-30g/日,"即""米仁""，药食两用。",《中国药典》/《神农本草经》
藕节,ou jie,食材,蔬菜,凉,甘;涩,肝;胃;肺,收敛止血;化瘀,咯血;吐血;衄血;便血;崩漏,血瘀、血热、平和,阳虚、脾虚,脾胃虚寒者慎,四季,煎服/入膳/捣汁,白茅根;侧柏叶,——,30-60g/日,15-30g/日,药食参考条目。为莲藕的干燥节结。,《中国药典》/《药性论》
藿香,huo xiang,中药材,民间草药类,寒,辛咸、甘酸,肾;肝;肺;脾;胃;胆;心;小肠,化湿解暑;止呕,暑湿呕吐;腹胀,血虚、阳虚、阴虚、痰湿、气虚,过量慎用；适量使用;忌过量,脾虚湿盛慎；实热内盛慎；阴虚火旺慎；孕妇慎,四季,泡茶/煎服/外用/后下/研末/先煎/煲汤/炙用/生食/冲服/煮粥/泡饮/烹饪/炖煮/蒸食/凉拌,姜;枣;米;红枣,辛辣;油腻,——,6-15g/日,药食两用：具清热、抗炎、调节代谢作用。；常见食疗与草药条目，兼具调理与保健价值。,《本草纲目》要点/现代药理参考
虾,xia,动物类,水产,温,甘咸,肾;胃,补肾壮阳;益气,肾虚阳痿;疲倦,痰湿、阳虚、气滞、气虚,适量为宜;忌过食,实热内盛慎；孕妇慎；脾虚湿盛慎；阴虚火旺慎,春、秋、冬,清蒸/爆炒,姜;枸杞;山药,酒精;油炸;维生素C;南瓜;果汁,100-250g/餐,——,营养成分丰富，含氨基酸、多糖及微量元素。,《本草纲目》要点/现代药理参考
蚕豆,fava bean,食材,豆类,平,甘,脾;胃,健脾利湿;补中益气,脾虚食少;水肿;乏力,平和、气虚、湿热,痰湿,蚕豆病患者(G6PD缺乏)禁用;气滞腹胀者慎,四季,煎服/入膳/炒食,——,——,50-100g/餐,——,药食参考条目。注意蚕豆病（溶血）风险。,《本草纲目》等/现代文献汇编
蚝,hao,动物类,贝类,平,甘、咸,肝;肾,滋阴养血;软坚散结,虚损;盗汗;瘰疬,阴虚、血虚,适量为宜,脾胃虚寒慎,秋、冬,蒸/煮/炒,生姜;蒜;葱,啤酒;水果,50-100g/餐,——,营养成分丰富，含氨基酸、多糖及微量元素。,《本草纲目》要点/现代药理参考
蛤蜊,ge li,食材,海产类,寒,苦、酸,肝;胆;肾;肺;脾;胃;心;小肠,清热化痰;软坚,痰热咳嗽;瘰疬,阴虚、阳虚、湿热、痰湿、血虚,适量使用;忌过量,孕妇慎；脾虚湿盛慎；阴虚火旺慎；实热内盛慎,四季,蒸食/生食/熬膏/炖煮/外用/泡茶/煲汤,姜;葱;米,辛辣;油腻,15-60g/日,——,广泛用于日常食疗、药膳及复方中，兼具营养与药理特性。,《本草纲目》要点/现代药理参考
蜂蜜,feng mi,食材,糖类,平,甘,肺;脾;大肠,润肺止咳;润肠通便,肺燥咳嗽;便秘,阴虚、燥热,适量为宜,糖尿病慎;婴儿禁,四季,直食/调味,柠檬;牛奶,——,15-30g/次,——,天然甜味剂，润燥通便，营养丰富。,《本草纲目》/现代营养学
蜂蜜酒,feng mi jiu,中药材,调味香料类,温,酸涩、辛,脾;胃;心;肝;肺;肾;小肠;胆,润肺养阴;补中缓急,咳嗽;脾虚,湿热、气滞、痰湿、阳虚、血虚,适量为宜;忌过食,脾虚湿盛慎；孕妇慎；阴虚火旺慎；实热内盛慎,四季,煎服/外用/泡茶/生食/冲泡/炖煮/泡酒/研末/煲汤/香料,姜;枸杞;蜂蜜,酒精;油炸,——,适量入菜,兼具药理与生活应用价值，可入茶、入膳或泡酒使用。,《本草纲目》要点/现代药理参考
螃蟹,pang xie,食材,海产类,凉,甘酸、苦甘,心;肝;脾;胆;小肠;肺;胃;肾,滋阴清热;活血,阴虚火旺;热病,痰湿、湿热、血虚、气滞、阴虚,适量使用;忌过量,实热内盛慎；孕妇慎；脾虚湿盛慎,春、夏、秋、冬,生食/炖煮/熬膏/煲汤/蒸食,姜;葱;米,辛辣;油腻;柿子;花生;冷饮;茶,100-150g/餐,——,广泛用于日常食疗、药膳及复方中，兼具营养与药理特性。,《本草纲目》要点/现代药理参考
蟹,xie,动物类,水产,寒,咸,肝;胃,滋阴清热;活血,阴虚火旺;热病,阳虚、痰湿、湿热、阴虚、血虚,适量为宜;忌过食,阴虚火旺慎；孕妇慎；脾虚湿盛慎；实热内盛慎,春、夏、秋、冬,清蒸/煮,姜;枸杞;山药,酒精;油炸,15-60g/日,——,营养成分丰富，含氨基酸、多糖及微量元素。,《本草纲目》要点/现代药理参考
西洋参,xi yang shen,中药材,补气养阴,凉,甘;微苦,心;肺;肾,益气生津;清热养阴,气阴两虚;烦热口渴,气阴两虚,脾虚食少慎,——,四季,含服/煎服,——,——,——,3-6g/日,人参皂苷研究,中医方药
西瓜,xi gua,食材,果品,寒,甘,心;胃;膀胱,清热解暑;除烦止渴;利尿,暑热烦渴;小便短赤,湿热、平和,适量为宜,脾胃虚寒慎;糖尿病慎,夏,鲜食/榨汁,绿豆;薄荷,羊肉;油炸物,200-400g/日,——,营养成分丰富，含氨基酸、多糖及微量元素。,《本草纲目》要点/现代药理参考
覆盆子,fu pen zi,中药材,补肾固精,微温,甘;酸,肝;肾,益肾;固精;缩尿,肾虚遗尿;小便频数;阳痿早泄;遗精滑精,阳虚、阴虚、平和,湿热,肾虚有火;小便短涩者慎,四季,煎服/入膳/泡茶,枸杞子;菟丝子,——,——,6-12g/日,药食参考条目。补肾阳，固精缩尿。,《中国药典》/《名医别录》
诃子,he zi,中药材,利水渗湿,平,酸涩、辛甘,肝;肾;脾;心;胆;小肠;肺;胃;膀胱,敛肺止咳;涩肠止泻,久咳失音;泻痢不止,痰湿、阴虚、血虚、平和、湿热,过量慎用,孕妇慎；阴虚火旺慎；脾虚湿盛慎；实热内盛慎；高尿酸慎,春、夏、秋、冬,泡茶/后下/包煎/先煎/炙用/冲服/煎服/外用,诃子,——,——,15-60g/日,常用药理特性：具免疫调节、抗炎、抗氧化等作用。,《本草纲目》要点/现代药理参考
豆腐荠菜羹,dou fu ji cai geng,食材,节令食疗方,温,甘酸、苦甘,肾;肝;胆;肺;心;小肠;脾;胃,清热生津;养胃,春季上火,血虚、痰湿、平和、气虚、湿热,适量使用;忌过量,脾虚湿盛慎；实热内盛慎；孕妇慎；阴虚火旺慎,四季,蒸食/煎服/凉拌/煲汤/泡饮/炖煮,姜;米;红枣,辛辣;油腻,10-50g/日,——,常见食疗与草药条目，兼具调理与保健价值。,《本草纲目》要点/现代药理参考
豌豆,wan dou,食材,谷物豆类,平,咸、辛甘,心;肝;脾;肺;胃;胆;肾;小肠,健脾和中;化湿,腹胀;湿滞,湿热、血虚、阳虚、痰湿,适量使用;忌过量,阴虚火旺慎；实热内盛慎；脾虚湿盛慎；孕妇慎,四季,蒸食/烹饪/凉拌/泡饮/炖煮/煮粥/煎服/煲汤,姜;米;红枣,辛辣;油腻,10-50g/日,——,常见食疗与草药条目，兼具调理与保健价值。,《本草纲目》要点/现代药理参考
豨莶草,xi xian cao,中药材,祛风湿,寒,苦,肝;肾,祛风湿;清热解毒,风湿痹痛;湿疹疮毒,湿热,脾胃虚寒慎,——,夏,煎服,——,——,——,9-15g/日,抗炎研究,中医方药
赤小豆,chi xiao dou,食材,谷物豆类,热,酸、辛甘,心;小肠;肝;脾;肺;胃;胆;肾,利水消肿;解毒,水肿;疮疡,阴虚、阳虚,适量使用;忌过量,实热内盛慎；脾虚湿盛慎；孕妇慎,四季,煮粥/烹饪/炖煮/泡饮/煎服/煲汤/蒸食,姜;米;红枣,辛辣;油腻,30-100g/日,——,常见食疗与草药条目，兼具调理与保健价值。,《本草纲目》要点/现代药理参考
车前草,che qian cao,中药材,民间草药类,凉,辛咸、酸,肝;肾;肺;胆;脾;胃;心;小肠,清热利湿;通淋;明目;祛痰,小便不利;湿热泻痢;水肿;目赤肿痛;痰热咳嗽,湿热、痰湿、平和,阳虚、脾虚,肾虚精滑者慎;孕妇慎,四季,泡饮/烹饪/蒸食/凉拌/煲汤/煎服,茵陈;栀子,——,10-50g/日,15-30g/日,常见食疗与草药条目，兼具调理与保健价值。,《中国药典》/《神农本草经》
辛夷花,xin yi hua,中药材,宣通鼻窍,温,辛,肺;胃,散风寒;通鼻窍,风寒头痛;鼻塞;鼻渊;鼻流浊涕,气滞、平和、阳虚,阴虚火旺,阴虚火旺者慎,四季,煎服/入膳/包煎,白芷;防风,——,——,3-9g/日,药食参考条目。煎煮时需用纱布包裹。,《中国药典》/《神农本草经》
远志,yuan zhi,中药材,芳香化湿、清热燥湿,寒,辛咸、酸涩,肝;肾;肺;心;脾;胆;胃;大肠,宁心安神;祛痰开窍,心悸健忘;痰多,气滞、气虚、阴虚、阴虚火旺、阳虚,过量慎用,脾虚湿盛慎；阴虚火旺慎；高尿酸慎；实热内盛慎,四季,先煎/研末冲服/泡茶/炙用/外用/后下/煎服,远志,——,——,15-60g/日,常用药理特性：具免疫调节、抗炎、抗氧化等作用。,《本草纲目》要点/现代药理参考
连翘,lian qiao,中药材,养阴润燥、清热解毒、解表、蔬菜,平,辛、甘酸,肾;肝;肺;脾;胃;胆;心;小肠;大肠,清热解毒;散结消肿,咽喉肿痛;温病;温病发热;痈肿结热,血虚、气滞、湿热、平和、阳虚,过量慎用,实热内盛慎；孕妇慎；脾虚湿盛慎；阴虚火旺慎；高尿酸慎,四季,研末/炙用/煎服/煲汤/外用/后下/泡茶/生食/先煎/冲服,姜;枣;米;连翘;金银花;黄芩;板蓝根;甘草,——,——,100-250g/餐,药食两用：具清热、抗炎、调节代谢作用。；常用药理特性：具免疫调节与抗炎作用。；常用药理特性：具免疫调节、抗炎、抗氧化等作用。,《本草纲目》要点/现代药理参考
郁金,yu jin,中药材,理气解郁,寒,苦;辛,心;肝;胆,活血止痛;行气解郁;清心凉血;利胆退黄,胸胁刺痛;痛经;心烦;热病神昏;湿热黄疸,气滞、血瘀、湿热,血虚、阴虚,阴虚失血及无瘀滞者慎;孕妇慎,四季,煎服/入膳/研末,柴胡;香附,——,——,6-12g/日,药食参考条目。可行气活血，解郁清心。,《中国药典》/《药性论》
酒,jiu,食材,调味品复方类,平、凉、微温,酸、辛,心;肝;脾;肺;胃;小肠;肾,通经活络;行气,寒湿痹痛;跌打损伤,气滞、湿热、阳虚、痰湿、阴虚,适量使用;忌过量,孕妇慎；实热内盛慎,春、夏、秋、冬,外用/泡茶/煲汤/煎服/蒸食,姜;葱;米,辛辣;油腻,适量,1-3g/日,广泛用于日常食疗、药膳及复方中，兼具营养与药理特性。,《本草纲目》要点/现代药理参考
酱油,jiang you,食材,调和,寒,咸,脾;胃;肾,调味增鲜;除热,烹调用,平和,适量为宜,高血压慎;肾病慎,四季,调味,各类菜肴,——,5-10ml/餐,——,调味品，适量使用。,现代营养学参考
酸枣仁,suan zao ren,中药材,活血化瘀,微温、热,甘酸、酸涩,心;肝;脾;大肠;胃;肾;膀胱,养心安神;敛汗生津,失眠多梦;自汗,痰湿、气滞、平和、血虚,过量慎用,阴虚火旺慎；脾虚湿盛慎；高尿酸慎,四季,泡茶/后下/炙用/冲服/研末冲服,酸枣仁,——,——,1-3g/日,常用药理特性：具免疫调节、抗炎、抗氧化等作用。,《本草纲目》要点/现代药理参考
醋,cu,食材,调味品复方类,温,辛甘、淡,肺;脾;胃;心;肝;肾,消积解毒;活血化瘀,食积;跌打损伤,气虚、平和、血虚、阳虚、痰湿,适量使用;忌过量,脾虚湿盛慎；实热内盛慎；阴虚火旺慎；孕妇慎,春、夏、秋、冬,生食/煲汤/熬膏/外用/炖煮/泡茶,姜;葱;米,辛辣;油腻,适量,3-9g/日,广泛用于日常食疗、药膳及复方中，兼具营养与药理特性。,《本草纲目》要点/现代药理参考
野蒜,ye suan,食材,野菜山珍类,温,辛,脾;胃,行气解毒;杀虫,感冒咳嗽;蛔虫,湿热、气虚、阳虚、气滞、阴虚,新鲜适量食用,实热内盛慎；孕妇慎；脾虚湿盛慎；阴虚火旺慎,四季,炒菜/凉拌,姜;蒜;香油,辛辣;油炸,适量,3-9g/日,山野食材兼具养生与食疗价值，富含氨基酸与多糖。,《本草纲目》要点/现代药理参考
金盏花,jin zhan hua,中药材,调味品,凉,辛甘、苦甘,脾;胃;肝;肾;肺;胆;心;小肠,清热解毒;护肝,咽喉肿痛;肝热,平和、气滞、湿热、痰湿、血虚,适量为宜;忌过食,实热内盛慎；孕妇慎；脾虚湿盛慎；阴虚火旺慎,四季,生食/泡酒/煎服/泡茶/外用/煲汤/研末/炖煮/冲泡,姜;枸杞;蜂蜜,酒精;油炸,——,6-15g/日,兼具药理与生活应用价值，可入茶、入膳或泡酒使用。,《本草纲目》要点/现代药理参考
金钱草,jin qian cao,中药材,民间草药类,微温,苦甘、苦,脾;胃;肾;肝;肺;心,利胆退黄;消石,胆结石;尿路结石,气虚、平和、血虚、痰湿、阴虚,适量使用;忌过量,孕妇慎；阴虚火旺慎；实热内盛慎；脾虚湿盛慎,四季,煮粥/蒸食/炖煮/煎服/泡饮/凉拌/煲汤,姜;米;红枣,辛辣;油腻,——,30-100g/日,常见食疗与草药条目，兼具调理与保健价值。,《本草纲目》要点/现代药理参考
金银花,jin yin hua,中药材,解表、理气,温,咸、淡,脾;胃;肾;肝;肺;心;小肠;胆;大肠;膀胱,清热解毒;疏散风热,痈肿疔疮;热毒;温病初起;咽喉肿痛,血虚、气虚、阳虚、湿热、阴虚,过量慎用,实热内盛慎；阴虚火旺慎；孕妇慎；脾虚湿盛慎；高尿酸慎,四季,煎服/后下/冲服/外用/先煎/生食/泡茶/炙用/煲汤/包煎,姜;枣;米;金银花;菊花;薄荷;连翘;甘草,——,——,100-250g/餐,药食两用：具清热、抗炎、调节代谢作用。；常用药理特性：具免疫调节与抗炎作用。；常用药理特性：具免疫调节、抗炎、抗氧化等作用。,《本草纲目》要点/现代药理参考
金银花茶,jin yin hua cha,食材,花果茶类,平、微温,甘酸、辛,肝;肾;肺;脾;胃;心;小肠;胆,清热解毒;防感冒,咽喉肿痛,气虚、血虚、阴虚、痰湿、湿热,适量使用;忌过量,孕妇慎；阴虚火旺慎；实热内盛慎,四季,煲汤/煮粥/烹饪/泡饮/炖煮/煎服,姜;米;红枣,辛辣;油腻,30-100g/日,——,常见食疗与草药条目，兼具调理与保健价值。,《本草纲目》要点/现代药理参考
钩藤,gou teng,中药材,平肝息风,凉,甘,肝;心包,清热平肝;息风止痉,肝火上亢;头痛眩晕;高血压;惊风抽搐,湿热、阴虚、平和,阳虚、脾虚,脾胃虚寒者慎;非肝热风动者忌,四季,煎服/入膳/后下,天麻;菊花,——,——,6-15g/日,药食参考条目。平肝息风。宜后下。,《中国药典》/《名医别录》
银耳,yin er;bai mu er,食材,菌菇,平,甘,肺;胃,滋阴润肺;养胃生津,干咳少痰;阴虚,痰湿、湿热、气虚、平和、阳虚,适量为宜;忌过食,孕妇慎；阴虚火旺慎；实热内盛慎；脾虚湿盛慎,四季,煮汤,姜;枸杞;蜂蜜,酒精;油炸,10-15g/餐（干品）,3-9g/日,食疗与营养兼顾：含多糖、黄酮、维生素等，具有抗氧化作用。,《本草纲目》要点/现代药理参考
阿胶,e jiao,中药材,补血,平,甘,肺;肝;肾,补血滋阴;润燥止血,血虚萎黄;眩晕心悸;阴虚心烦不眠;肺燥咳嗽,血虚、阴虚、平和,痰湿、湿热,脾胃虚弱;呕吐泄泻;痰湿内盛者慎,四季,煎服/入膳/烊化冲服,熟地黄;当归,萝卜;大黄,——,3-10g/日(烊化),药食参考条目。烊化（溶化）兑服，不宜同煎。,《中国药典》/《神农本草经》
附子,fu zi,中药材,安神镇惊、活血,微温,甘、苦,肝;肾;肺;心;小肠;胆;脾;胃;大肠,回阳救逆;补火助阳,亡阳厥逆;阳虚冷痛,气虚、阳虚、血虚、平和、湿热,过量慎用,阴虚火旺慎；孕妇慎；脾虚湿盛慎；实热内盛慎；高尿酸慎,四季,冲服/炙用/泡茶/外用/煲汤/煎服/先煎/后下,附子,——,——,3-9g/日,常用药理特性：具免疫调节与抗炎作用。；常用药理特性：具免疫调节、抗炎、抗氧化等作用。,《本草纲目》要点/现代药理参考
陈皮,chen pi,中药材,调味香料类,微温,苦甘、淡,脾;胃;心;小肠;肺;肝;肾;胆;膀胱;大肠,理气健脾;燥湿化痰,脘腹胀满;咳嗽;痰多咳嗽,阳虚、阴虚、湿热、痰湿、平和,适量为宜;忌过食；过量慎用,孕妇慎；阴虚火旺慎；脾虚湿盛慎；实热内盛慎；高尿酸慎,四季,香料/泡酒/研末/外用/生食/泡茶/炖煮/冲泡/煲汤/煎服/包煎/先煎/研末冲服/后下,姜;枸杞;蜂蜜;陈皮;山楂;麦芽;神曲;半夏;茯苓,酒精;油炸,——,1-3g/日,兼具药理与生活应用价值，可入茶、入膳或泡酒使用。；常用药理特性：具免疫调节、抗炎、抗氧化等作用。,《本草纲目》要点/现代药理参考
雄黄,xiong huang,中药材,解表,寒、热,苦、酸,肝;胆;肾;心;脾;小肠;肺;胃,解毒杀虫;燥湿祛痰,疥癣;湿疹;蛇虫咬伤,湿热、气虚、阳虚、痰湿、平和,过量慎用,脾虚湿盛慎；实热内盛慎；孕妇慎；阴虚火旺慎,四季,生食/煲汤/研末/外用/炙用/冲服/煎服/先煎/后下/泡茶,姜;枣;米,——,——,3-9g/日,兼具药理与传统用途：具清热、止痛、抗菌或收敛作用。,《本草纲目》要点/现代药理参考
雪莲花,xue lian hua,中药材,稀有药材类,热、平,苦甘、苦,肺;脾;胃;心;肝;肾;胆;小肠,祛风除湿;补肾阳,风湿痹痛;宫寒,阳虚、阴虚、气滞、痰湿、湿热,适量使用;忌过量,实热内盛慎；脾虚湿盛慎；孕妇慎；阴虚火旺慎,四季,炖煮/煲汤/生食/煎服/泡饮/研末/泡茶/炙用/外用,枸杞;红枣;蜂蜜,油腻;辛辣,——,3-9g/日,稀有/名贵药材或补益品，适合体虚调养与药膳配伍。,《本草纲目》要点/现代药理参考
雪里红,xue li hong,食材,蔬菜,温,辛,肺;胃,宣肺化痰;温中利气,寒痰咳嗽;胸闷,痰湿、气滞,适量为宜,阴虚火旺慎,冬、春,腌制/清炒/煮汤,肉类;豆腐;毛豆,——,50-100g/餐,——,营养成分丰富，含氨基酸、多糖及微量元素。,《本草纲目》要点/现代药理参考
青菜,qing cai,食材,蔬菜,平,甘,肺;胃;大肠,清热除烦;通利肠胃,消化不良;便秘,平和、湿热,适量为宜,——,四季,清炒/煮汤,香菇;豆腐;肉类,——,150-200g/餐,——,营养成分丰富，含氨基酸、多糖及微量元素。,《本草纲目》要点/现代药理参考
青鱼,qing yu,食材,海产类,平,苦、甘,心;小肠;肝;脾;胆;肾;肺;胃,补气血;健脾胃,体虚疲倦;纳差,气滞、血虚、平和、湿热、阳虚,适量使用;忌过量,阴虚火旺慎；实热内盛慎；孕妇慎；脾虚湿盛慎,四季,生食/熬膏/炖煮/煲汤/泡茶/煎服/蒸食,姜;葱;米,辛辣;油腻,100-200g/餐,——,广泛用于日常食疗、药膳及复方中，兼具营养与药理特性。,《本草纲目》要点/现代药理参考
饴糖,yi tang,食材,糖类,温,甘,脾;胃,健脾益气;和胃助运,食积不化;气滞;湿困中焦,平和体质为主，结合个体情况,孕妇或慢性病患者遵医嘱,过敏者禁用,四季,煎服/入膳,——,——,10-30g/日,——,药食参考条目，后续可细化现代研究与营养信息。,《本草纲目》等/现代文献汇编(占位)
香叶,xiang ye,中药材,理气,温、热、平,辛甘、辛,肝;肾;肺;胆;脾;胃;心;小肠,温中行气;芳香开胃,食欲不振;腹胀,血虚、阳虚、阴虚、平和、痰湿,适量为宜;忌过食,孕妇慎；实热内盛慎；脾虚湿盛慎；阴虚火旺慎,四季,生食/炖煮/泡酒/冲泡/煲汤/外用/香料/研末/煎服,姜;枸杞;蜂蜜,酒精;油炸,——,3-9g/日,兼具药理与生活应用价值，可入茶、入膳或泡酒使用。,《本草纲目》要点/现代药理参考
香椿,xiang chun,食材,野菜山珍类,平,苦香,脾;胃,健胃理气;清热解毒,食欲不振;口臭,气滞、湿热、阳虚、气虚、血虚,新鲜适量食用,实热内盛慎；孕妇慎；脾虚湿盛慎；阴虚火旺慎,四季,炒蛋/凉拌,姜;蒜;香油,辛辣;油炸,适量,6-15g/日,山野食材兼具养生与食疗价值，富含氨基酸与多糖。,《本草纲目》要点/现代药理参考
香菇,xiang gu,食材,菌菇,平,甘,胃;肝,健胃助食;益气,食欲不振;体虚,平和、气虚,适量为宜,——,四季,炒/炖/汤,青菜;肉类,——,50-100g/餐,——,菌中之王，增香提鲜，营养丰富。,现代营养学
香菜,xiang cai,食材,蔬菜,温,辛,肺;脾,发汗透疹;消食下气,麻疹不透;食滞,气滞、平和,适量为宜,气虚慎;多汗慎,四季,生食/调味,羊肉;海鲜;豆腐,猪肉,10-30g/餐,——,营养成分丰富，含氨基酸、多糖及微量元素。,《本草纲目》要点/现代药理参考
香醋,xiang cu,食材,调味品复方类,凉,苦、甘酸,心;肝;脾;肾;肺;胃;胆;小肠,化瘀;解毒,食滞;咽喉肿痛,阳虚、血虚、平和、湿热、气滞,适量使用;忌过量,脾虚湿盛慎；实热内盛慎；孕妇慎,春、夏、秋、冬,熬膏/煎服/外用/炖煮/蒸食,姜;葱;米,辛辣;油腻,适量,9-30g/日,广泛用于日常食疗、药膳及复方中，兼具营养与药理特性。,《本草纲目》要点/现代药理参考
香附,xiang fu,中药材,理气解郁,平,辛;微苦,肝;三焦,疏肝理气;调经止痛,肝郁气滞;痛经乳胀,气滞,阴虚火旺慎,——,四季,煎服,——,——,——,6-12g/日,挥发油研究,中医方药
高粱,gao liang,食材,谷物豆类,微温,酸涩、辛咸,肾;肝;肺;脾;胃;胆;心;小肠,健脾燥湿;止泻,泄泻;湿滞,气滞、湿热、阴虚、阳虚、平和,适量使用;忌过量,孕妇慎；阴虚火旺慎；脾虚湿盛慎,春、夏、秋、冬,煲汤/凉拌/泡饮/烹饪/煎服/蒸食/煮粥/炖煮,姜;米;红枣,辛辣;油腻,50-100g/餐,——,常见食疗与草药条目，兼具调理与保健价值。,《本草纲目》要点/现代药理参考
高良姜,gao liang jiang,中药材,温里,温,辛,脾;胃,温中散寒;止呕止泻,脘腹冷痛;呕吐泄泻,阳虚,阴虚火旺慎,——,四季,煎服/后下,——,——,——,3-6g/日,常用温里药,《本草纲目》/现代参考
鱼翅,yu chi,动物类,鱼类,平,甘、咸,肺;胃;肾,益气开胃;补虚,虚劳;食少,气虚、阴虚,适量为宜,——,四季,炖/煨,鸡汤;火腿,——,30-50g/餐,——,营养成分丰富，含胶原蛋白。,现代营养学参考
鱼腥草,yu xing cao,中药材,民间草药类,热,酸涩、淡,肝;胆;脾;胃;心;肾;肺;小肠,清热解毒;消痈排脓,肺痈咳吐脓痰;痈肿,阴虚、平和、气滞、血虚、阳虚,过量慎用；适量使用;忌过量,阴虚火旺慎；实热内盛慎；脾虚湿盛慎；孕妇慎,四季,先煎/炙用/后下/煎服/研末/泡茶/冲服/外用/生食/烹饪/凉拌/煲汤/炖煮/蒸食/泡饮/煮粥,姜;枣;米;红枣,辛辣;油腻,——,1-3g/日,药食两用：具清热、抗炎、调节代谢作用。；常见食疗与草药条目，兼具调理与保健价值。,《本草纲目》要点/现代药理参考
鲈鱼,lu yu,食材,海产类,平,甘、辛甘,肺;脾;胃;心;小肠;肝;胆;肾,补肝肾;益筋骨;补益脾胃;通乳,产后体虚;筋骨无力;产后乳少;虚弱纳差,气虚、气滞、阴虚、痰湿、平和,适量使用;忌过量；新鲜适量;个体过敏慎,脾虚湿盛慎；实热内盛慎；孕妇慎；阴虚火旺慎；高尿酸慎；海鲜过敏慎,四季,外用/煎服/蒸食/熬膏/炖煮/生食/泡茶/煲汤/清蒸/炖汤,姜;葱;米;生姜;枸杞;山药,辛辣;油腻;过量油炸,100-200g/餐,——,广泛用于日常食疗、药膳及复方中，兼具营养与药理特性。；营养学参考：高蛋白/矿物质/多糖/不饱和脂肪酸。,《本草纲目》要点/现代药理参考
鲍鱼,bao yu,动物类,贝类,平,甘、咸,肝;肾,滋阴清热;养肝明目,骨蒸劳热;目暗不明,阴虚、血虚,适量为宜,——,四季,蒸/炖/煮,鸡汤;排骨,牛肝,50-100g/餐,——,营养成分丰富，含氨基酸、多糖及微量元素。,《本草纲目》要点/现代药理参考
鲤鱼,li yu,食材,海产类,温、微温,辛咸、酸,脾;胃;心;肝;肾;肺;小肠;胆,利水消肿;通乳,水肿;产后乳少,阴虚、湿热、痰湿、阳虚、血虚,适量使用;忌过量,实热内盛慎；脾虚湿盛慎；孕妇慎；阴虚火旺慎,四季,生食/炖煮/煲汤/熬膏/外用/蒸食/泡茶,姜;葱;米,辛辣;油腻;甘草;狗肉;南瓜,150-250g/餐,——,广泛用于日常食疗、药膳及复方中，兼具营养与药理特性。,《本草纲目》要点/现代药理参考
鲫鱼,ji yu,动物类,水产,平,甘,脾;胃,健脾利湿;通乳,脾虚水肿;产后乳少,血虚、气虚、阳虚、阴虚、平和,适量为宜;忌过食；新鲜适量;个体过敏慎,孕妇慎；阴虚火旺慎；脾虚湿盛慎；实热内盛慎；海鲜过敏慎；高尿酸慎,四季,清炖/煲汤,姜;枸杞;山药;生姜,酒精;油炸;过量油炸,100-250g/餐,——,营养成分丰富，含氨基酸、多糖及微量元素。；营养学参考：高蛋白/矿物质/多糖/不饱和脂肪酸。,《本草纲目》要点/现代药理参考
鸡肉,ji rou,动物类,禽蛋,温,甘,脾;胃,补益气血;健脾胃,体虚;产后,平和、痰湿、血虚、阴虚、阳虚,适量为宜;忌过食；新鲜适量;个体过敏慎,实热内盛慎；孕妇慎；阴虚火旺慎；脾虚湿盛慎；海鲜过敏慎；高尿酸慎,四季,清炖/白斩,姜;枸杞;山药;生姜,酒精;油炸;过量油炸;芥末;大蒜;鲤鱼;芝麻,100-250g/餐,——,营养成分丰富，含氨基酸、多糖及微量元素。；营养学参考：高蛋白/矿物质/多糖/不饱和脂肪酸。,《本草纲目》要点/现代药理参考
鸡蛋,ji dan,动物类,禽蛋,平,甘,脾;胃,滋阴养血;润燥,体弱;产后恢复,血虚、阴虚、平和、气虚,新鲜适量;个体过敏慎,海鲜过敏慎；高尿酸慎,四季,蒸/煮,生姜;枸杞;山药,过量油炸,100-250g/餐,——,营养学参考：高蛋白/矿物质/多糖/不饱和脂肪酸。,《本草纲目》要点/现代药理参考
鸡血藤,ji xue teng,中药材,活血补血,温,苦;甘,肝;肾,行血补血;调经;舒筋活络,月经不调;痛经;血虚萎黄;风湿痹痛;肢体麻木,血虚、血瘀、气滞,湿热,阴虚火旺者慎,四季,煎服/入膳/熬膏,当归;丹参,——,——,9-15g/日,药食参考条目。活血兼能补血。,《中国药典》/《本草纲目拾遗》
鸭肉,ya rou,动物类,禽蛋,凉,甘、咸,肺;脾;肾,滋阴养胃;利水消肿,阴虚内热;水肿,阴虚、湿热、血虚,适量为宜;忌过食,脾胃虚寒慎;阳虚体质慎,夏、秋,清炖/红烧/煲汤/烤制,山药;冬瓜;莲藕;薏米;酸菜,鳖;木耳;栗子,100-150g/餐,——,营养成分丰富，含氨基酸、多糖及微量元素。,《本草纲目》要点/现代药理参考
鸭蛋,ya dan,动物类,禽蛋,凉,甘、咸,肺;脾,滋阴清肺,肺阴不足;咽干,阴虚、平和,适量为宜,脾阳不足慎,四季,煮/腌制,青菜;豆腐,鳖;桑椹,1-2个/日,——,营养成分丰富，含氨基酸、多糖及微量元素。,《本草纲目》要点/现代药理参考
鸽肉,ge rou,动物类,禽蛋,平,咸,肝;肾,滋肾益气;祛风解毒,虚羸;消渴,气虚、阳虚,适量为宜,——,四季,炖/煮/烤,枸杞;山药;红枣,猪肉,100-150g/餐,——,营养成分丰富，含氨基酸、多糖及微量元素。,《本草纲目》要点/现代药理参考
鹅肉,e rou,动物类,禽蛋,平,甘,脾;胃;肺,益气补虚;和胃止渴,气虚;消渴,气虚、平和,适量为宜,痰湿慎,秋、冬,炖/烧/烤,土豆;萝卜,鸭梨;鸡蛋,100-150g/餐,——,营养成分丰富，含氨基酸、多糖及微量元素。,《本草纲目》要点/现代药理参考
鹌鹑蛋,an chun dan,动物类,禽蛋,平,甘,肺;脾;肾,补益气血;强身健脑,气血不足;营养不良,气虚、血虚、平和,适量为宜,——,四季,煮/蒸/炒,韭菜;虾仁,——,3-5个/日,——,营养成分丰富，含氨基酸、多糖及微量元素。,《本草纲目》要点/现代药理参考
鹿茸,lu rong,中药材,稀有药材类,寒,酸、苦甘,肺;脾;胃;肾;肝;心;小肠;胆,补肾阳;益精血;强筋骨,阳痿;腰膝酸软,痰湿、阴虚、血虚、阳虚、气滞,适量使用;忌过量,脾虚湿盛慎；阴虚火旺慎；孕妇慎；实热内盛慎,四季,生食/炖煮/煲汤/煎服/外用/炙用,枸杞;红枣;蜂蜜,油腻;辛辣,——,15-60g/日,稀有/名贵药材或补益品，适合体虚调养与药膳配伍。,《本草纲目》要点/现代药理参考
麦冬,mai dong,中药材,理气,热、凉,咸、甘酸,心;肝;脾;肾;肺;胃;小肠;胆,养阴润肺;益胃生津,干咳少痰;口渴,气虚、血虚、湿热、气滞、阳虚,过量慎用,阴虚火旺慎；实热内盛慎；孕妇慎；脾虚湿盛慎,四季,冲服/炙用/研末/生食/泡茶/煲汤/煎服/先煎/外用/后下,姜;枣;米,——,——,9-30g/日,药食两用：具补益、安神或抗疲劳作用。,《本草纲目》要点/现代药理参考
麦芽,mai ya,中药材,消食,平,甘,脾;胃,消食健胃;回乳,食积;乳汁郁积,气滞、痰湿,适量为宜,哺乳期慎,四季,煎服/炒用,山楂;神曲,——,10-15g/日,10-15g/日,药食两用：具消食、健胃作用。,《本草纲目》要点/现代药理参考
麻黄,ma huang,中药材,活血、滋补,寒,辛甘、酸,肾;肝;脾;胃;心;小肠;肺;胆;大肠,发汗解表;宣肺平喘,风寒感冒无汗,湿热、阳虚、阴虚、血虚、气虚,过量慎用,阴虚火旺慎；孕妇慎；实热内盛慎；脾虚湿盛慎；高尿酸慎,四季,冲服/煲汤/泡茶/外用/炙用/后下/煎服/先煎/包煎/研末冲服,麻黄,——,——,15-60g/日,常用药理特性：具免疫调节与抗炎作用。；常用药理特性：具免疫调节、抗炎、抗氧化等作用。,《本草纲目》要点/现代药理参考
黄柏,huang bai,中药材,化痰止咳,凉,酸、辛咸,肝;胆;肾;脾;膀胱;心;肺;胃,清热燥湿;泻火除蒸,骨蒸潮热;带下,阴虚火旺、气虚、平和、阴虚、痰湿,过量慎用,脾虚湿盛慎；高尿酸慎；阴虚火旺慎,四季,泡茶/包煎/后下/冲服/先煎,黄柏,——,——,9-30g/日,常用药理特性：具免疫调节、抗炎、抗氧化等作用。,《本草纲目》要点/现代药理参考
黄瓜,huang gua,食材,蔬菜,凉,甘,胃;大肠,清热利水;解毒消肿,烦渴;咽喉肿痛,湿热、痰湿,适量为宜,脾胃虚寒慎,夏,生食/凉拌/清炒,木耳;鸡蛋;虾,花生;西红柿;辣椒,100-200g/餐,——,营养成分丰富，含氨基酸、多糖及微量元素。,《本草纲目》要点/现代药理参考
黄芩,huang qin,中药材,解表,寒,苦、酸,脾;胃;心;肝;肾;肺;小肠;胆,清热燥湿;泻火解毒,湿热泻痢;咳嗽,湿热、阳虚、阴虚、痰湿、血虚,过量慎用,阴虚火旺慎；孕妇慎；脾虚湿盛慎；实热内盛慎,四季,生食/炙用/煲汤/后下/外用/先煎/煎服/冲服/泡茶/研末,姜;枣;米,——,——,1-3g/日,药食两用：具清热、抗炎、调节代谢作用。,《本草纲目》要点/现代药理参考
黄芪,huang qi,中药材,补益,平,辛甘、酸,脾;胃;肾;肝;肺;心;小肠;胆;膀胱;大肠,补气升阳;固表止汗,气虚乏力;久疮难愈,平和、痰湿、阳虚、湿热、血虚,适量使用;忌过量；过量慎用,孕妇慎；阴虚火旺慎；实热内盛慎；脾虚湿盛慎；高尿酸慎,四季,泡茶/煲汤/外用/泡饮/煎服/炙用/生食/炖煮/冲服/先煎/后下/包煎/研末冲服,枸杞;红枣;蜂蜜;黄芪;当归;党参;茯苓,油腻;辛辣,——,6-15g/日,稀有/名贵药材或补益品，适合体虚调养与药膳配伍。；常用药理特性：具免疫调节与抗炎作用。；常用药理特性：具免疫调节、抗炎、抗氧化等作用。,《本草纲目》要点/现代药理参考
黄芪炖鸭,huang qi dun ya,食材,药膳饮品类,温,甘,脾;肺,体虚易感,脾;肺,平和、气滞、痰湿、湿热,孕期慎用;适量为宜,实热内盛慎；脾虚湿盛慎；阴虚火旺慎；孕妇慎,四季,炖煮,枸杞;红枣;桂圆,过量酒精,适量,9-30g/日,药膳或滋补饮品原料，适宜体虚调养及季节性食疗。,《本草纲目》要点/现代药理参考
黄豆,huang dou,食材,谷物豆类,平,甘、酸涩,肺;脾;胃;肝;肾;胆;心;小肠,健脾益气;解毒;生津,体虚乏力;中毒;产后气血亏,阳虚、气虚、气滞、湿热、阴虚,适量使用;忌过量；新鲜适量;个体过敏慎,脾虚湿盛慎；阴虚火旺慎；孕妇慎；实热内盛慎；高尿酸慎；海鲜过敏慎,四季,蒸食/凉拌/炖煮/烹饪/泡饮/煮粥/煲汤,姜;米;红枣;生姜;枸杞;山药,辛辣;油腻;过量油炸,10-50g/日,——,常见食疗与草药条目，兼具调理与保健价值。；营养学参考：高蛋白/矿物质/多糖/不饱和脂肪酸。,《本草纲目》要点/现代药理参考
黄连,huang lian,中药材,温里,寒,苦甘、甘酸,肝;肾;肺;脾;胃;心;小肠;胆;大肠,清热燥湿;泻火解毒,湿热泻痢;心烦失眠,气虚、气滞、湿热、阴虚、痰湿,过量慎用,脾虚湿盛慎；阴虚火旺慎；实热内盛慎；孕妇慎；高尿酸慎,四季,泡茶/先煎/煲汤/冲服/后下/外用/煎服/炙用/包煎,黄连,——,——,9-30g/日,常用药理特性：具免疫调节与抗炎作用。；常用药理特性：具免疫调节、抗炎、抗氧化等作用。,《本草纲目》要点/现代药理参考
黄酒,huang jiu,中药材,调味品复方类,微温,咸、甘酸,脾;胃;肝;肾;肺;心;小肠;胆,温经通络;行血,寒凝血滞;痛经;风湿痹痛,痰湿、血虚、气滞、湿热、阳虚,适量为宜;忌过食；适量使用;忌过量,脾虚湿盛慎；实热内盛慎；阴虚火旺慎；孕妇慎,四季,泡茶/冲泡/煲汤/炖煮/泡酒/香料/生食/研末/煎服/外用/蒸食,姜;枸杞;蜂蜜;葱;米,酒精;油炸;辛辣;油腻,——,1-3g/日,兼具药理与生活应用价值，可入茶、入膳或泡酒使用。；广泛用于日常食疗、药膳及复方中，兼具营养与药理特性。,《本草纲目》要点/现代药理参考
黄鳝,huang shan,食材,海产类,热,苦、酸,肺;脾;胃;肾;肝;心;胆,补气养血;温阳,阳痿;贫血,气滞、阳虚、阴虚、气虚、血虚,适量使用;忌过量,脾虚湿盛慎；孕妇慎；阴虚火旺慎；实热内盛慎,四季,煲汤/熬膏/外用/煎服/蒸食/泡茶/生食/炖煮,姜;葱;米,辛辣;油腻,100-200g/餐,——,广泛用于日常食疗、药膳及复方中，兼具营养与药理特性。,《本草纲目》要点/现代药理参考
黑木耳,hei mu er,食材,菌菇,平,甘,胃;大肠,滋阴润燥;凉血止血,阴虚;出血,阴虚、血虚,适量为宜,脾虚便溏慎,四季,凉拌/炒/汤,黄瓜;胡萝卜,——,50-100g/餐,——,素中之荤，补血佳品，清肺润燥。,《本草纲目》/现代营养学
黑米,hei mi,食材,谷物,平,甘,脾;胃,滋阴补肾;健脾暖肝,贫血;白发;腰膝酸软,气虚、血虚、阴虚,适量为宜,——,四季,煮粥/蒸饭,红枣;桂圆;莲子,——,50-100g/日,——,营养成分丰富，含氨基酸、多糖及微量元素。,《本草纲目》要点/现代药理参考
黑芝麻糊,hei zhi ma hu,食材,谷物,平,甘,肝;肾;大肠,滋补肝肾;润肠通便,头晕耳鸣;便秘,平和、湿热、气虚、阳虚、气滞,适量为宜;忌过食,脾虚湿盛慎；孕妇慎；阴虚火旺慎；实热内盛慎,四季,冲调,姜;枸杞;山药,酒精;油炸,100-250g/餐,——,营养学与食疗结合：具降脂、抗氧化、清热等功效。,《本草纲目》要点/现代药理参考
黑豆,hei dou,食材,谷物豆类,平,甘、咸,肝;肾;肺;脾;胃;胆;心;小肠,补肾养血;祛风;补肾益精;乌发,腰膝酸软;风湿;肾虚,阳虚、湿热、血虚、阴虚、平和,适量使用;忌过量；新鲜适量;个体过敏慎,孕妇慎；脾虚湿盛慎；阴虚火旺慎；实热内盛慎；高尿酸慎；海鲜过敏慎,四季,煎服/蒸食/炖煮/烹饪/煮粥/凉拌/炖/豆浆,姜;米;红枣;生姜;枸杞;山药,辛辣;油腻;过量油炸,30-50g/日,——,常见食疗与草药条目，兼具调理与保健价值。；营养学参考：高蛋白/矿物质/多糖/不饱和脂肪酸。,《本草纲目》要点/现代药理参考
黑鱼,hei yu,动物类,鱼类,寒,甘,脾;胃,补脾利水;去瘀生新,水肿;脚气;疮疡,湿热、血虚,适量为宜,脾胃虚寒慎,四季,煮/炖/蒸,豆腐;冬瓜,茄子;南瓜,100-150g/餐,——,营养成分丰富，含氨基酸、多糖及微量元素。,《本草纲目》要点/现代药理参考
何首乌,he shou wu,中药材,补益,温,苦;甘;涩,肝;肾;心,补益精血;固肾乌须;润肠通便,血虚萎黄;眩晕耳鸣;须发早白;腰膝酸软;肠燥便秘,血虚、阴虚、平和,痰湿、湿热,脾虚便溏慎;痰湿内盛慎;孕妇慎,四季,煎服/制用/丸/散,枸杞;当归;熟地黄,葱;蒜;萝卜;猪血,——,6-12g/日,"药食两用：具补益、抗衰老作用。注意：此功效为""制何首乌""（熟）；""生何首乌""功效为解毒、润肠通便，有肝毒性风险。",《中国药典》/《本草纲目》
白菜,bai cai,食材,蔬菜,平,甘,肺;胃,清热除烦;利肠胃,热咳;便秘,平和、湿热、痰湿,适量为宜,脾胃虚寒慎,秋、冬,炒/煮/炖,豆腐;粉丝,——,150-200g/餐,——,营养丰富，含维生素C、纤维素，清热解毒。,《本草纲目》/现代营养学
卷心菜,juan xin cai,食材,蔬菜,平,甘,脾;胃,健脾和胃;清热利湿,胃痛;便秘,平和、湿热,适量为宜,——,四季,炒/煮/凉拌,胡萝卜;肉丝,——,150-200g/餐,——,富含维生素K、C，有助消化和抗炎。,现代营养学
包菜,bao cai,食材,蔬菜,平,甘,脾;胃,健脾开胃;清热解毒,消化不良;热毒,平和、湿热,适量为宜,——,四季,炒/煮/凉拌,粉丝;肉片,——,150-200g/餐,——,即卷心菜，含丰富膳食纤维和维生素。,现代营养学
土豆,tu dou,食材,蔬菜,平,甘,脾;胃,补气健脾;和胃调中,脾胃虚弱;食欲不振,平和、气虚,适量为宜,发芽或变绿者禁用,四季,煮/蒸/炒/烤,牛肉;鸡蛋,柿子,150-200g/餐,——,富含淀粉、维生素C，提供优质碳水化合物。,现代营养学
红薯,hong shu,食材,蔬菜,平,甘,脾;胃,补中益气;宽肠通便,便秘;脾虚,平和、气虚,适量为宜,糖尿病患者适量,四季,蒸/烤/煮粥,小米;花生,柿子,100-150g/餐,——,富含β-胡萝卜素、膳食纤维，护肠道健康。,现代营养学
紫薯,zi shu,食材,蔬菜,平,甘,脾;胃,补气养血;润肠通便,气血不足;便秘,平和、气虚、血虚,适量为宜,糖尿病患者适量,四季,蒸/烤/煮粥,燕麦;核桃,——,100-150g/餐,——,富含花青素、膳食纤维，抗氧化效果佳。,现代营养学
豆角,dou jiao,食材,蔬菜,平,甘,脾;胃,健脾化湿;清热解毒,脾虚湿盛;暑热,平和、湿热,适量为宜,必须煮熟,夏、秋,炒/煮/炖,肉丝;蒜蓉,——,150-200g/餐,——,含植物蛋白、维生素，但生食有毒需煮熟。,现代营养学
四季豆,si ji dou,食材,蔬菜,平,甘,脾;胃,健脾益气;化湿,脾虚;湿阻,平和、湿热,适量为宜,必须煮熟,四季,炒/煮/炖,猪肉;干香菇,——,150-200g/餐,——,即豆角，含丰富蛋白质和维生素B族。,现代营养学
豌豆苗,wan dou miao,食材,蔬菜,平,甘,脾;胃,健脾和胃,脾胃虚弱,平和,适量为宜,——,春,炒/汤,蒜;香菇,——,100-150g/餐,——,豌豆嫩苗，鲜嫩可口，春季时蔬。,现代营养学
韭菜,jiu cai,食材,蔬菜,温,辛,肝;肾,温肾助阳;行气活血,肾阳虚;血瘀,阳虚、气滞,适量为宜,阴虚火旺慎,春、夏,炒/包饺子,鸡蛋;猪肉,蜂蜜,100-150g/餐,——,温性蔬菜，助阳气，但易上火者慎食。,《本草纲目》/现代营养学
韭黄,jiu huang,食材,蔬菜,温,甘;辛,肝;肾;胃,温肾阳;暖胃,肾阳虚;胃寒,阳虚,适量为宜,阴虚火旺慎,冬、春,炒/包饺子,鸡蛋;豆腐,——,100-150g/餐,——,韭菜软化栽培，色黄味甜，温补效果更佳。,《本草纲目》/现代营养学
大白菜,da bai cai,食材,蔬菜,平,甘,肺;胃,清热生津;利肠胃,热病口渴;便秘,平和、湿热,适量为宜,脾胃虚寒慎,秋、冬,炒/煮/做汤,豆腐;香菇,——,150-200g/餐,——,十字花科蔬菜，富含维生素C和膳食纤维。,现代营养学
娃娃菜,wa wa cai,食材,蔬菜,平,甘,肺;胃,清热润燥;通利肠胃,口干;便秘,平和、湿热,适量为宜,脾胃虚寒慎,四季,炒/煮/火锅,金针菇;粉丝,——,150-200g/餐,——,小型大白菜，质地更嫩，易消化吸收。,现代营养学
菜花,cai hua,食材,蔬菜,平,甘,肺;胃,清热生津;化痰止咳,肺热咳嗽;津伤,平和、湿热,适量为宜,——,四季,炒/煮/蒸,胡萝卜;肉片,——,150-200g/餐,——,富含维生素C、K，有抗癌成分，营养价值高。,现代营养学
西兰花,xi lan hua,食材,蔬菜,平,甘,肺;胃,清热化痰;明目,肺热;目昏,平和、湿热,适量为宜,——,四季,炒/蒸/煮,虾仁;蒜蓉,——,150-200g/餐,——,超级食物，富含叶酸、维生素K，抗氧化强。,现代营养学
花椰菜,hua ye cai,食材,蔬菜,平,甘,肺;胃,清热解毒;化痰,热毒;痰多,平和、湿热,适量为宜,——,四季,炒/煮/蒸,木耳;肉丝,——,150-200g/餐,——,即菜花，十字花科，含硫化合物有益健康。,现代营养学
菠萝菜,bo luo cai,食材,蔬菜,凉,甘,肺;大肠,清热解毒;利水,热毒;水肿,湿热、平和,适量为宜,脾胃虚寒慎,夏、秋,炒/煮汤,蒜蓉,——,100-150g/餐,——,即空心菜，性凉清热，适合炎热季节食用。,现代营养学
空心菜,kong xin cai,食材,蔬菜,寒,甘,胃;大肠,清热解毒;利湿,热病;湿热;便秘,湿热,适量为宜,脾胃虚寒慎,夏,炒,蒜;辣椒,——,100-200g/餐,——,通菜，夏季清热佳蔬，去热毒效果好。,现代营养学
生菜,sheng cai,食材,蔬菜,凉,甘,胃;小肠,清热安神;利尿,热病;失眠,湿热、平和,适量为宜,脾胃虚寒慎,四季,生食/炒/煮汤,虾仁;鸡蛋,——,100-150g/餐,——,可生食的叶菜，富含维生素A、叶酸。,现代营养学
莴笋,wo sun,食材,蔬菜,凉,甘;苦,胃;小肠,清热利尿;通乳,热病;乳汁不通,湿热、平和,适量为宜,脾胃虚寒慎;眼病患者慎,四季,炒/凉拌,木耳;肉丝,——,150-200g/餐,——,茎菜，富含钾元素，利尿降压效果好。,现代营养学
莴苣,wo ju,食材,蔬菜,凉,甘,胃;小肠,清热利水;下乳,热病烦渴;乳汁不足,湿热、平和,适量为宜,脾胃虚寒慎,四季,炒/凉拌,香干;肉丝,——,150-200g/餐,——,即莴笋，含丰富水分和维生素，清脆爽口。,现代营养学
大葱,da cong,食材,蔬菜,温,辛,肺;胃,发汗解表;通阳,风寒感冒;阳虚,阳虚、气滞,适量为宜,表虚多汗慎,四季,调味/炒/煮,生姜;豆豉,——,适量调味,——,辛温发散，常用调料，能发汗解表。,《本草纲目》/现代营养学
小葱,xiao cong,食材,蔬菜,温,辛,肺;胃,解表散寒;开胃,风寒;食欲不振,阳虚、气滞,适量为宜,阴虚火旺慎,四季,调味/拌菜,鸡蛋;豆腐,——,适量调味,——,香葱，常用调料和装饰菜，增香开胃。,现代营养学
韭菜花,jiu cai hua,食材,蔬菜,温,辛,肝;肾,温肾助阳;开胃,肾阳虚;食欲不振,阳虚,适量为宜,阴虚火旺慎,秋,腌制/调味,——,——,适量调味,——,韭菜花蕾，常制成韭花酱，风味独特。,现代营养学
蒜苗,suan miao,食材,蔬菜,温,辛,肺;胃,杀菌消炎;助消化,感冒;消化不良,气滞、平和,适量为宜,胃热者慎,春,炒/煮,猪肉;鸡蛋,——,100-150g/餐,——,大蒜幼苗，具蒜香味，杀菌助消化。,现代营养学
蒜黄,suan huang,食材,蔬菜,温,甘;辛,脾;胃;肺,温脾胃;杀菌,脾胃虚寒;感冒,阳虚,适量为宜,阴虚火旺慎,冬、春,炒,——,——,50-100g/餐,——,大蒜软化栽培，味甜微辛，杀菌力强。,现代营养学
豆苗,dou miao,食材,蔬菜,平,甘,脾;胃,健脾和胃,脾胃虚弱,平和,适量为宜,——,春,炒/汤,蒜;香菇,——,100-150g/餐,——,豌豆苗，鲜嫩营养，春季时令蔬菜。,现代营养学
苋菜,xian cai,食材,蔬菜,寒,甘;微苦,大肠;小肠,清热解毒;利湿止痢,热毒;痢疾;湿热,湿热,适量为宜,脾胃虚寒慎,夏,炒/汤,蒜;姜,——,100-200g/餐,——,红苋菜补血，绿苋菜清热，夏季佳蔬。,《本草纲目》/现代营养学
香蕉,xiang jiao,食材,果品,寒,甘,脾;胃;大肠,清热润肠;解毒,热病;便秘,湿热、阴虚,适量为宜,脾胃虚寒慎,四季,生食/制汁,牛奶;燕麦,红薯,100-150g/餐,——,富含钾元素、膳食纤维，润肠通便效果好。,现代营养学
橘子,ju zi,食材,果品,温,甘;酸,肺;胃,理气化痰;开胃,咳嗽痰多;食欲不振,气滞、痰湿,适量为宜,阴虚火旺慎,秋、冬,生食/制汁,——,螃蟹,100-150g/餐,——,富含维生素C，理气开胃，但易上火。,《本草纲目》/现代营养学
橙子,cheng zi,食材,果品,凉,甘;酸,肺;胃,生津止渴;化痰,热病口渴;咳嗽,湿热、阴虚,适量为宜,脾胃虚寒慎,四季,生食/制汁,蜂蜜,——,100-150g/餐,——,维生素C含量极高，生津化痰，增强免疫。,现代营养学
芒果,mang guo,食材,果品,凉,甘,胃;膀胱,益胃生津;利尿,胃阴不足;小便不利,阴虚、湿热,适量为宜,湿热体质慎;过敏者禁,夏,生食/制汁,酸奶,海鲜,100-150g/餐,——,热带水果，富含β-胡萝卜素，但易致敏。,现代营养学
火龙果,huo long guo,食材,水果,凉,甘,胃;大肠,清热润肠;解毒,热病;便秘,湿热,适量为宜,脾胃虚寒慎,夏,直食,——,——,1个/餐,——,红龙果，清热排毒，富含花青素。,现代营养学
猕猴桃,mi hou tao,食材,果品,寒,甘;酸,胃,生津解热;通淋,热病;石淋,湿热、阴虚,适量为宜,脾胃虚寒慎,秋,生食/制汁,蜂蜜,牛奶,100-150g/餐,——,维生素C之王，但性寒，胃寒者慎食。,现代营养学
草莓,cao mei,食材,果品,凉,甘;酸,肺;脾,润肺生津;健脾,肺燥;脾虚,平和、阴虚,适量为宜,痰湿重者慎,春、夏,生食/制汁,酸奶;燕麦,——,100-150g/餐,——,富含维生素C、叶酸，抗氧化能力强。,现代营养学
蓝莓,lan mei,食材,果品,平,甘;酸,肝;肾,明目益肾;抗氧化,视力减退;肾虚,平和、肾虚,适量为宜,——,夏,生食/制汁,酸奶;燕麦,——,50-100g/餐,——,超级水果，花青素含量极高，护眼佳品。,现代营养学
樱桃,ying tao,食材,果品,温,甘,脾;肝,补气养血;祛风胜湿,气血不足;风湿痹痛,气虚、血虚,适量为宜,阴虚火旺慎,春、夏,生食,——,——,100-150g/餐,——,补血佳果，富含铁质，但热性，易上火。,《本草纲目》/现代营养学
荔枝,li zhi,食材,果品,温,甘;酸,脾;肝,益气补血;生津,气血不足;津液不足,气虚、血虚,适量为宜,阴虚火旺慎,夏,生食,——,——,5-10颗/次,——,岭南佳果，大补气血，但性热易上火。,《本草纲目》/现代营养学
龙眼,long yan,食材,果品,温,甘,心;脾,补心安神;益气血,心悸失眠;气血不足,气虚、血虚,适量为宜,痰湿内盛慎,秋,生食/煮汤,红枣;枸杞,——,10-15颗/次,——,即桂圆，补心脾，安心神，滋补佳品。,《本草纲目》/现代营养学
石榴,shi liu,食材,果品,温,甘;酸;涩,肺;大肠,生津止渴;收敛止泻,津伤口渴;久泻,气虚、血虚,适量为宜,实热积滞者慎,秋,生食/制汁,——,——,100-150g/餐,——,富含抗氧化物质，美容养颜，收敛止泻。,《本草纲目》/现代营养学
无花果,wu hua guo,食材,水果,平,甘,肺;胃;大肠,润肺健胃;润肠,肺燥;胃病;便秘,平和、阴虚,适量为宜,——,秋,直食/干品,——,——,2-4个/餐,——,映日果，药食两用，润燥通便。,《本草纲目》/现代营养学
椰子,ye zi,食材,果品,平,甘,脾;胃,生津利水;杀虫,津伤口渴;绦虫,平和、阴虚,适量为宜,——,四季,饮汁/食肉,——,——,1个椰汁/天,——,热带水果，椰汁清甜，椰肉滋养。,现代营养学
菠萝,bo luo,食材,果品,平,甘;微酸,胃;肾,生津止渴;消食,口渴;食积,湿热、平和,适量为宜,胃寒者慎;过敏者慎,夏,生食/制汁,盐水,牛奶,100-150g/餐,——,含菠萝酶助消化，需盐水浸泡去刺激性。,现代营养学
哈密瓜,ha mi gua,食材,果品,寒,甘,胃;肺,清热解暑;生津,暑热;口渴,湿热、阴虚,适量为宜,脾胃虚寒慎,夏,生食/制汁,——,——,150-200g/餐,——,新疆特产，甘甜多汁，清热解暑佳品。,现代营养学
香瓜,xiang gua,食材,果品,寒,甘,胃;膀胱,清热解暑;利尿,暑热;小便不利,湿热、阴虚,适量为宜,脾胃虚寒慎,夏,生食,——,——,150-200g/餐,——,即甜瓜，夏季时令果，清热利尿。,现代营养学
山竹,shan zhu,食材,水果,寒,甘;微酸,肺;胃,清热降火;生津,热病;燥热,湿热,适量为宜,脾胃虚寒慎,夏,直食,——,——,3-5个/餐,——,水果皇后，清热降火，与榴莲相配。,现代营养学
榴莲,liu lian,食材,水果,热,甘,肝;肾;肺,温补肾阳;活血散寒,肾阳虚;寒性痛经,阳虚,适量为宜,湿热体质慎,夏,直食,——,——,100-150g/餐,——,水果之王，营养极丰富，但热性大。,现代营养学
人参果,ren shen guo,食材,水果,平,甘,脾;肺,健脾润肺;生津,脾肺虚弱;津伤,平和,适量为宜,——,秋、冬,直食,——,——,100-200g/餐,——,香瓜茄，营养均衡，老少皆宜。,现代营养学
生抽,sheng chou,食材,调味品复方类,平,咸,脾;胃,调味开胃;增鲜,食欲不振,平和,适量为宜,高血压慎;肾病慎,四季,调味,——,——,适量调味,——,酱油类调料，色浅味鲜，主要用于调色调味。,现代食品学
老抽,lao chou,食材,调味品复方类,平,咸;甘,脾;胃,调色增香;开胃,食欲不振,平和,适量为宜,高血压慎;肾病慎,四季,调味/上色,——,——,适量调味,——,酱油类调料，色深味浓，主要用于上色。,现代食品学
料酒,liao jiu,食材,调味品复方类,温,甘;辛,脾;胃,去腥增香;助消化,腥膻重味,平和、气滞,适量为宜,肝病慎;孕妇慎,四季,烹调去腥,——,——,适量调味,——,烹饪专用酒，去腥增香，提升菜品风味。,现代食品学
白酒,bai jiu,食材,调味品复方类,热,辛;甘,心;肝;肺;胃,温中散寒;活血通络,寒凝血瘀;风寒湿痹,阳虚、气滞,适量为宜,肝病禁;孕妇禁;高血压慎,四季,少量调味/药引,——,——,少量调味,——,蒸馏酒，性热助阳，可作药引，但需适量。,《本草纲目》/现代食品学
芝麻油,zhi ma you,食材,调味品复方类,平,甘,肝;肾,润燥滑肠;养血,肠燥便秘;血虚,阴虚、血虚、平和,适量为宜,脾虚便溏慎,四季,调味/拌菜,蒜泥;香菜,——,5-10ml/餐,——,香油，芝麻榨制，香味浓郁，润燥通便。,现代营养学
花生油,hua sheng you,食材,调味品复方类,平,甘,肺;脾,润肺健脾,肺燥;脾虚,平和,适量为宜,——,四季,烹调用油,——,——,15-25ml/餐,——,常用食用油，富含维生素E，适合炒菜。,现代营养学
菜籽油,cai zi you,食材,调味品复方类,平,甘,肺;脾,润燥,燥症,平和,适量为宜,——,四季,烹调用油,——,——,15-25ml/餐,——,植物油，芥酸含量需关注，适合高温烹调。,现代营养学
橄榄油,gan lan you,食材,调味品复方类,平,甘,肺;心,润燥护心;抗氧化,燥症;心血管病,平和、阴虚,适量为宜,——,四季,凉拌/低温烹调,蔬菜沙拉,——,10-20ml/餐,——,地中海饮食核心，富含单不饱和脂肪酸。,现代营养学
胡椒粉,hu jiao fen,食材,调味品复方类,热,辛,胃;大肠,温中散寒;下气,胃寒;腹胀,阳虚、气滞,适量为宜,阴虚火旺慎,四季,调味,——,——,少量调味,——,热性香料，温胃散寒，但易上火者慎用。,《本草纲目》/现代食品学
辣椒粉,la jiao fen,食材,调味品复方类,热,辛,心;胃,温中散寒;开胃,胃寒;食欲不振,阳虚、气滞,适量为宜,胃热者慎;痔疮慎,四季,调味,——,——,少量调味,——,热性调料，开胃助消化，但刺激性强。,现代食品学
孜然粉,zi ran fen,食材,调味品复方类,温,辛,脾;胃,温中健胃;理气,脾胃虚寒;气滞,阳虚、气滞,适量为宜,阴虚火旺慎,四季,调味,——,——,少量调味,——,中东香料，温胃理气，烧烤常用调料。,现代食品学
咖喱粉,ga li fen,食材,调味品复方类,温,辛,脾;胃,温中开胃;化湿,脾胃虚寒;湿阻,气滞、痰湿,适量为宜,胃热者慎,四季,调味,——,——,适量调味,——,复合香料，开胃化湿，但热性较强。,现代食品学
十三香,shi san xiang,食材,调味品复方类,温,辛,脾;胃,温中理气;开胃,脾胃虚寒;气滞,阳虚、气滞,适量为宜,阴虚火旺慎,四季,调味,——,——,少量调味,——,复合调料，温中开胃，但热性需注意。,现代食品学
鸡精,ji jing,食材,调味品复方类,平,鲜,脾;胃,调味增鲜;开胃,食欲不振,平和,适量为宜,高血压慎;痛风慎,四季,调味,——,——,少量调味,——,复合调味料，增鲜提味，但含嘌呤需注意。,现代食品学
蚝油,hao you,食材,调料,平,甘;咸,肾;肝,滋肾养肝,肾虚;肝血不足,平和,适量为宜,——,四季,调味,青菜;肉类,——,10-20ml/餐,——,牡蛎提取物，鲜味浓郁，粤菜之魂。,现代营养学
虾仁,xia ren,食材,海产类,温,甘,肾;肝,补肾壮阳;下乳,肾阳虚;产后乳少,阳虚、气虚,适量为宜,海鲜过敏禁;痛风慎,四季,炒/蒸/汤,韭菜;鸡蛋,维生素C,100-150g/餐,——,高蛋白低脂肪，补肾佳品，但过敏者慎食。,现代营养学
虾米,xia mi,食材,海产类,温,甘;咸,肾,补肾壮阳;开胃,肾虚;食欲不振,阳虚,适量为宜,高血压慎;痛风慎,四季,调味/炒菜,冬瓜;韭菜,——,20-30g/餐,——,干制品，营养浓缩，钙质丰富，调味佳品。,现代营养学
海虾,hai xia,食材,海产类,温,甘,肾;肝,补肾壮阳;通乳,肾阳虚;乳汁不足,阳虚,适量为宜,海鲜过敏禁;痛风慎,四季,炒/蒸/煮,姜;蒜,柿子,100-150g/餐,——,海水虾类，营养丰富，蛋白质含量高。,现代营养学
河虾,he xia,食材,海产类,温,甘,肾,补肾壮阳;通络,肾虚;筋骨软弱,阳虚,适量为宜,海鲜过敏禁,四季,炒/蒸/煮,韭菜;鸡蛋,——,100-150g/餐,——,淡水虾类，性温补肾，适合体虚者食用。,现代营养学
螃蟹肉,pang xie rou,食材,海产类,寒,咸,肝;胃,清热散瘀;续筋骨,热毒;跌打损伤,湿热,适量为宜,脾胃虚寒禁;孕妇慎,秋,蒸/煮,生姜;紫苏,柿子,100-150g/餐,——,秋季美味，清热散瘀，但寒性需配温性调料。,《本草纲目》/现代营养学
蟹黄,xie huang,食材,海产类,温,甘,肝;肾,滋阴补肾;养血,肾阴虚;血虚,阴虚、血虚,适量为宜,高胆固醇者慎;痛风慎,秋,蒸/炒,生姜,——,50-80g/餐,——,螃蟹精华，营养丰富，但胆固醇含量高。,现代营养学
鱿鱼,you yu,食材,海产类,平,甘,脾;肾,健脾益肾;养血,脾虚;肾虚;血虚,平和、气虚,适量为宜,海鲜过敏慎,四季,炒/煮/烤,洋葱;青椒,——,100-150g/餐,——,软体动物，富含蛋白质和矿物质。,现代营养学
墨鱼,mo yu,食材,海产类,平,咸,肝;肾,滋阴养血;收敛止血,阴虚;出血,阴虚、血虚,适量为宜,脾胃虚寒慎,四季,炒/炖/汤,排骨;冬瓜,——,100-150g/餐,——,即乌贼，滋阴补血，墨囊可入药。,《本草纲目》/现代营养学
海蜇,hai zhe,食材,海产类,平,咸,肝;肾,清热化痰;消积,痰热;积滞,湿热、痰湿,适量为宜,脾胃虚寒慎,夏,凉拌/炒,黄瓜;胡萝卜,——,100-150g/餐,——,水母制品，清热化痰，夏季佳品。,《本草纲目》/现代营养学
海蜇皮,hai zhe pi,食材,海产类,平,咸,肝;肾,清热平肝;化痰,肝阳上亢;痰多,湿热、阴虚,适量为宜,脾胃虚寒慎,夏,凉拌,香菜;蒜泥,——,80-120g/餐,——,海蜇外皮，口感爽脆，清热化痰。,现代营养学
章鱼,zhang yu,食材,海产类,平,甘,脾;肾,健脾益肾;养血,脾肾虚弱;血虚,平和、气虚,适量为宜,海鲜过敏慎,四季,炒/煮/烤,土豆;洋葱,——,100-150g/餐,——,八爪鱼，富含牛磺酸，营养价值高。,现代营养学
海胆,hai dan,食材,海产类,平,甘;咸,肾,补肾壮阳;养精血,肾虚;精血不足,阳虚、阴虚,适量为宜,海鲜过敏禁;痛风慎,四季,生食/蒸蛋,——,——,30-50g/餐,——,海洋珍品，补肾佳品，但腥味较重。,现代营养学
海螺,hai luo,食材,海产类,寒,甘,肝;肾,清热明目;滋阴,肝热目赤;阴虚,阴虚、湿热,适量为宜,脾胃虚寒慎,四季,煮/炒,生姜;蒜蓉,——,100-150g/餐,——,贝类，清热滋阴，但性寒需配温料。,现代营养学
龙胆草,long dan cao,中药材,清热燥湿,寒,苦,肝;胆;胃,清热燥湿;泻肝胆火,湿热黄疸;阴肿阴痒;带下;肝火目赤;耳聋,湿热、平和、气滞,脾虚、阳虚,脾胃虚寒泄泻者慎,四季,煎服/入膳,黄芩;栀子,——,——,3-6g/日,药食参考条目。大苦大寒，泻肝胆实火。,《中国药典》/《神农本草经》
瓜子,gua zi,食材,坚果籽仁,平,甘,肺;脾,润肺健脾;通便,肺燥;便秘,平和,适量为宜,——,四季,生食/炒食,——,——,20-30g/餐,——,葵花籽，富含维生素E，抗氧化佳品。,现代营养学
葵花籽,kui hua zi,食材,坚果籽仁,平,甘,肺;脾,润肺健脾;补虚,肺虚;脾虚,平和、气虚,适量为宜,——,四季,生食/炒食,——,——,20-30g/餐,——,向日葵种子，营养丰富，健脑益智。,现代营养学
南瓜子,nan gua zi,食材,坚果籽仁,平,甘,脾;胃,健脾益胃;驱虫,脾胃虚弱;蛔虫,平和,适量为宜,——,四季,生食/炒食,——,——,20-30g/餐,——,南瓜种子，驱虫健脾，前列腺保健。,现代营养学
腰果,yao guo,食材,坚果籽仁,平,甘,脾;肾,健脾补肾;润燥,脾肾虚弱;燥咳,平和、气虚,适量为宜,——,四季,生食/炒食,——,——,20-30g/餐,——,热带坚果，口感香甜，营养价值高。,现代营养学
开心果,kai xin guo,食材,坚果籽仁,温,甘,肺;脾,温肺健脾;开胃,肺脾虚寒;食欲不振,阳虚、气虚,适量为宜,阴虚火旺慎,四季,生食,——,——,15-20g/餐,——,干果之王，富含不饱和脂肪酸。,现代营养学
碧根果,bi gen guo,食材,坚果籽仁,温,甘,肾;肺,补肾润肺;健脑,肾虚;肺燥,阳虚、气虚,适量为宜,——,四季,生食,——,——,20-30g/餐,——,美洲山核桃，健脑益智效果佳。,现代营养学
夏威夷果,xia wei yi guo,食材,坚果籽仁,平,甘,脾;肾,健脾补肾;润燥,脾肾虚弱;皮肤干燥,平和,适量为宜,——,四季,生食,——,——,10-15g/餐,——,坚果皇后，富含单不饱和脂肪酸。,现代营养学
松子,song zi,食材,坚果籽仁,温,甘,肺;肝;大肠,润肺滑肠;养液,肺燥咳嗽;肠燥便秘,阴虚、平和,适量为宜,脾虚便溏慎,四季,生食/入菜,——,——,10-20g/餐,——,长寿果，润肺通便，延缓衰老。,《本草纲目》/现代营养学
榛子,zhen zi,食材,坚果籽仁,平,甘,脾;胃,健脾开胃;明目,脾胃虚弱;视力减退,平和,适量为宜,——,四季,生食/炒食,——,——,20-30g/餐,——,坚果之王，维生素E含量丰富。,现代营养学
巴旦木,ba dan mu,食材,坚果籽仁,平,甘,肺;脾,润肺健脾;美容,肺燥;脾虚,平和,适量为宜,——,四季,生食,——,——,15-25g/餐,——,扁桃仁，美容养颜，抗衰老佳品。,现代营养学
黑豆芽,hei dou ya,食材,豆类,平,甘,脾;肾,健脾补肾;活血,脾肾虚弱;血瘀,平和、阳虚,适量为宜,——,四季,炒/煮汤,韭菜;蒜蓉,——,100-150g/餐,——,黑豆发芽品，营养价值提升，补肾效果好。,现代营养学
绿豆芽,lv dou ya,食材,豆类,寒,甘,胃;膀胱,清热解毒;利水,热毒;水肿,湿热、平和,适量为宜,脾胃虚寒慎,春、夏,炒/凉拌,韭菜;蒜蓉,——,100-150g/餐,——,绿豆发芽品，清热解毒，夏季佳蔬。,现代营养学
豆腐,dou fu,食材,豆类,凉,甘,脾;胃;大肠,益气和中;生津润燥,脾胃虚弱;津液不足,平和、气虚,适量为宜,脾虚便溏慎,四季,炒/煮/炖,白菜;香菇,菠菜;茭白,100-150g/餐,——,大豆制品，植物蛋白丰富，易消化吸收。,现代营养学
豆浆,dou jiang,食材,豆类,平,甘,肺;脾;胃,润燥补虚;清肺化痰,肺燥;脾虚,平和、气虚,适量为宜,脾胃虚寒慎,四季,温热饮用,——,鸡蛋,200-300ml/次,——,液体豆腐，营养丰富，但需煮透饮用。,现代营养学
腐竹,fu zhu,食材,豆类,平,甘,肺;胃,清肺化痰;养胃,肺热痰多;胃阴不足,平和、阴虚,适量为宜,——,四季,炒/煮/凉拌,木耳;芹菜,——,50-80g/餐,——,豆腐皮制品，蛋白质含量高，口感独特。,现代营养学
豆皮,dou pi,食材,豆类,平,甘,脾;胃,健脾和胃,脾胃虚弱,平和,适量为宜,——,四季,炒/卷菜,肉丝;韭菜,——,50-80g/餐,——,豆腐制品，薄如纸张，适合包卷食用。,现代营养学
豆干,dou gan,食材,豆类,平,甘,脾;胃,健脾益气,脾胃虚弱;气虚,平和、气虚,适量为宜,——,四季,炒/卤制,芹菜;青椒,——,80-120g/餐,——,豆腐干制品，蛋白质浓缩，耐储存。,现代营养学
臭豆腐,chou dou fu,食材,豆类,寒,甘,脾;胃;大肠,清热解毒;开胃,热毒;食欲不振,湿热,适量为宜,脾胃虚寒慎,四季,炸/蒸,——,——,50-80g/餐,——,发酵豆制品，独特风味，清热开胃。,现代营养学
千张,qian zhang,食材,豆类,平,甘,脾;胃,健脾和胃,脾胃虚弱,平和,适量为宜,——,四季,炒/煮/卷菜,韭菜;肉丝,——,50-80g/餐,——,薄豆腐皮，层层叠叠，口感嫩滑。,现代营养学
鹅蛋,e dan,动物类,禽蛋,温,甘,肺;脾;肾,补中益气;温肾,中气不足;肾阳虚,阳虚、气虚,适量为宜,高胆固醇者慎,四季,煮/炒/蒸,——,——,1-2个/餐,——,禽蛋中最大者，营养丰富，温补效果好。,现代营养学
鸽蛋,ge dan,动物类,禽蛋,平,甘,肝;肾,补肝肾;益精气,肝肾不足;精气虚,平和、肾虚,适量为宜,——,四季,煮/蒸,——,——,3-5个/餐,——,动物人参，滋补佳品，老幼皆宜。,现代营养学
鱼肉,yu rou,动物类,鱼类,平,甘,脾;胃,健脾开胃;补虚,脾胃虚弱;体虚,平和、气虚,适量为宜,——,四季,蒸/煮/炖,豆腐;萝卜,——,100-150g/餐,——,泛指鱼类，优质蛋白，易消化吸收。,现代营养学
草鱼,cao yu,动物类,鱼类,温,甘,脾;胃,暖胃和中;平肝祛风,脾胃虚寒;肝阳上亢,阳虚、气虚,适量为宜,——,四季,红烧/清蒸,豆腐;冬瓜,——,100-150g/餐,——,四大家鱼之一，肉质鲜美，营养丰富。,现代营养学
带鱼肉,dai yu rou,动物类,鱼类,温,甘,脾;胃,补脾胃;益气血,脾胃虚弱;气血不足,气虚、阳虚,适量为宜,海鲜过敏慎,四季,红烧/清蒸,萝卜;豆腐,——,100-150g/餐,——,深海鱼类，DHA含量高，健脑益智。,现代营养学
黄鱼,huang yu,动物类,鱼类,平,甘,脾;胃,健脾开胃;安神,脾胃虚弱;失眠,平和、气虚,适量为宜,——,四季,清蒸/红烧,豆腐;冬瓜,——,100-150g/餐,——,海鱼，肉质鲜嫩，有大小黄鱼之分。,现代营养学
鳕鱼,xue yu,动物类,鱼类,平,甘,脾;肾,健脾补肾;益智,脾肾虚弱;智力发育,平和、肾虚,适量为宜,——,四季,清蒸/煎,柠檬;洋葱,——,100-150g/餐,——,深海鱼王，低脂高蛋白，儿童最爱。,现代营养学
三文鱼,san wen yu,动物类,鱼类,平,甘,心;脾,养心健脾;益智,心脾不足;记忆力减退,平和、气虚,适量为宜,——,四季,生食/煎/烤,芥末;生姜,——,100-150g/餐,——,优质深海鱼，Omega-3含量极高。,现代营养学
金枪鱼,jin qiang yu,动物类,鱼类,平,甘,心;肝,养心护肝;益智,心肝不足;智力发育,平和,适量为宜,重金属污染慎,四季,生食/煎,芥末;柠檬,——,80-120g/餐,——,海洋贵族，营养密度极高，但需注意产地。,现代营养学
小麦,xiao mai,食材,谷物,凉,甘,心;脾;肾,养心安神;健脾,心神不宁;脾虚,平和、气虚,适量为宜,——,四季,磨粉制面,——,——,50-100g/餐,——,主要粮食作物，制作面食的主要原料。,现代营养学
粳米,jing mi,食材,谷物,平,甘,脾;胃,健脾和胃;益气,脾胃虚弱;气虚,平和、气虚,适量为宜,——,四季,煮粥/蒸饭,红枣;山药,——,100-150g/餐,——,优质大米，营养丰富，易消化吸收。,现代营养学
小米粥,xiao mi zhou,食材,药膳饮品类,凉,甘;咸,脾;胃;肾,健脾和胃;滋肾,脾胃虚弱;肾虚,平和、气虚,适量为宜,——,四季,熬粥,红枣;莲子,——,200-300ml/餐,——,养胃佳品，营养丰富，老幼皆宜。,现代营养学
薏仁,yi ren,食材,谷物豆类,凉,甘;淡,脾;肺;胃,健脾渗湿;清热,脾虚湿盛;湿热,湿热、痰湿,适量为宜,孕妇慎,四季,煮粥/炖汤,红豆;山药,——,30-50g/餐,——,即薏苡仁，药食两用，祛湿佳品。,现代营养学
麦片,mai pian,食材,谷物,平,甘,脾;胃,健脾益胃;润肠,脾胃虚弱;便秘,平和,适量为宜,——,四季,冲泡/煮粥,牛奶;水果,——,30-50g/餐,——,燕麦制品，膳食纤维丰富，降脂降糖。,现代营养学
平菇,ping gu,食材,菌菇,平,甘,肺;胃,益气健胃;舒筋活络,体虚;筋骨不利,平和,适量为宜,——,四季,炒/汤,肉丝;鸡蛋,——,100-150g/餐,——,侧耳，性平和，老少皆宜。,现代营养学
金针菇,jin zhen gu,食材,菌菇,寒,甘,肝;胃,健胃开胃;益智,食积;智力发育,湿热、平和,适量为宜,脾胃虚寒慎,四季,涮/炒/汤,豆腐;白菜,——,100-150g/餐,——,益智菇，促进儿童智力发育。,现代营养学
杏鲍菇,xing bao gu,食材,菌菇,平,甘,脾;胃,健脾开胃;润肠,脾胃虚弱;便秘,平和,适量为宜,——,四季,炒/烤/炖,肉类,——,100-150g/餐,——,菌菇贵族，肉质厚实，口感似鲍鱼。,现代营养学
草菇,cao gu,食材,菌菇,寒,甘,胃;肝,清热开胃;解毒,暑热;食积,湿热,适量为宜,脾胃虚寒慎,夏,炒/汤,青菜,——,100-150g/餐,——,夏季菌菇，清热解暑。,现代营养学
茶树菇,cha shu gu,食材,菌菇,平,甘,脾;肾,健脾补肾;利尿,脾肾虚弱;水肿,平和、肾虚,适量为宜,——,四季,炒/炖/汤,排骨;鸡肉,——,50-100g/餐,——,柱状菌，营养价值高，药用价值好。,现代营养学
白玉菇,bai yu gu,食材,菌菇,平,甘,肺;胃,润肺养胃;美容,肺燥;胃阴不足,平和、阴虚,适量为宜,——,四季,炒/汤,——,——,100-150g/餐,——,白色小菇，质地嫩滑，美容养颜。,现代营养学
蟹味菇,xie wei gu,食材,菌菇,平,甘,脾;胃,健脾开胃,脾胃虚弱,平和,适量为宜,——,四季,炒/汤,——,——,100-150g/餐,——,海鲜菇，有蟹肉鲜味，口感独特。,现代营养学
秀珍菇,xiu zhen gu,食材,菌菇,平,甘,肺;胃,润肺养胃,肺燥;胃阴虚,平和,适量为宜,——,四季,炒/汤,——,——,100-150g/餐,——,珍珠菇，质地脆嫩，营养丰富。,现代营养学
滑菇,hua gu,食材,菌菇,平,甘,脾;胃,健脾开胃;滑肠,脾胃虚弱;便秘,平和,适量为宜,——,四季,炒/汤,——,——,100-150g/餐,——,光帽鳞伞，表面滑腻，口感滑嫩。,现代营养学
猴头菇,hou tou gu,食材,菌菇,平,甘,脾;胃,健胃助消化;抗癌,胃病;消化不良,平和、气虚,适量为宜,——,四季,炖/煮汤,鸡肉;排骨,——,50-100g/餐,——,菌中珍品，养胃佳品，有抗癌作用。,现代营养学
牛肝菌,niu gan jun,食材,菌菇,平,甘,肝;脾,养肝健脾;明目,肝脾不足;视力减退,平和,适量为宜,——,夏、秋,炒/炖,——,——,50-100g/餐,——,野生珍菌，营养丰富，味道鲜美。,现代营养学
羊肚菌,yang du jun,食材,菌菇,平,甘,脾;胃,健脾养胃;补肾,脾胃虚弱;肾虚,平和、肾虚,适量为宜,——,春,炖/炒,鸡肉,——,20-30g/餐,——,菌中珍品，春季佳肴，滋补效果好。,现代营养学
白木耳,bai mu er,食材,菌菇,平,甘;淡,肺;胃;肾,润肺养胃;滋阴,肺燥;胃阴虚;肾阴虚,阴虚,适量为宜,——,四季,炖汤/凉拌,莲子;百合,——,30-50g/餐,——,银耳，滋阴润燥，美容养颜佳品。,《本草纲目》/现代营养学
榛蘑,zhen mo,食材,菌菇,平,甘,脾;胃,健脾开胃;补虚,脾胃虚弱;体虚,平和,适量为宜,——,秋,炖/炒,鸡肉,——,50-100g/餐,——,东北特产，小鸡炖蘑菇主角。,现代营养学
口蘑,kou mo,食材,菌菇,平,甘,脾;胃,健脾开胃,脾胃虚弱,平和,适量为宜,——,夏、秋,炒/汤,——,——,100-150g/餐,——,白蘑菇，口感鲜美，营养价值高。,现代营养学
鸡腿菇,ji tui gu,食材,菌菇,平,甘,脾;胃,健脾开胃;降血糖,脾胃虚弱;糖尿病,平和,适量为宜,——,四季,炒/炖,——,——,100-150g/餐,——,毛头鬼伞，形似鸡腿，有降糖作用。,现代营养学
双孢菇,shuang bao gu,食材,菌菇,平,甘,脾;胃,健脾开胃,脾胃虚弱,平和,适量为宜,——,四季,炒/汤,——,——,100-150g/餐,——,洋蘑菇，世界性栽培菌。,现代营养学
花菇,hua gu,食材,菌菇,平,甘,胃;肝,健胃益气;降胆固醇,食欲不振;高胆固醇,平和,适量为宜,——,四季,炖/炒,鸡肉,——,30-50g/餐,——,香菇中的极品，营养价值最高。,现代营养学
冬菇,dong gu,食材,菌菇,平,甘,脾;胃,健脾开胃;补气,脾胃虚弱;气虚,平和、气虚,适量为宜,——,冬,炖/汤,排骨;鸡肉,——,30-50g/餐,——,冬季香菇，质地厚实，营养丰富。,现代营养学
凤尾菇,feng wei gu,食材,菌菇,平,甘,脾;胃,健脾开胃,脾胃虚弱,平和,适量为宜,——,四季,炒/汤,——,——,100-150g/餐,——,侧耳科，形似凤尾，口感鲜美。,现代营养学
酸奶,suan nai,食材,乳品,凉,甘;酸,脾;胃,健脾助消化;润肠,消化不良;便秘,平和、湿热,适量为宜,脾胃虚寒慎,四季,直饮/调味,水果;坚果,——,100-200ml/次,——,发酵乳制品，益生菌丰富，助消化。,现代营养学
奶酪,nai lao,食材,乳品,平,甘,脾;肾,健脾补肾;强骨,脾肾虚弱;骨质疏松,平和,适量为宜,乳糖不耐慎,四季,直食/烘焙,面包;红酒,——,30-50g/餐,——,浓缩牛奶精华，钙质丰富，营养密度高。,现代营养学
马苏里拉,ma su li la,食材,乳品,平,甘,脾,健脾,脾虚,平和,适量为宜,——,四季,烘焙/直食,番茄;罗勒,——,30-50g/餐,——,意式奶酪，制作披萨的经典原料。,现代营养学
黄油,huang you,食材,乳品,温,甘,肺;脾,润肺健脾;补虚,肺燥;脾虚,阳虚,适量为宜,高血脂慎,四季,烘焙/调味,面包,——,10-20g/餐,——,牛奶脂肪，烘焙必备，但热量较高。,现代营养学
奶油,nai you,食材,乳品,温,甘,肺;脾,润肺补脾,肺燥;脾虚,阳虚,适量为宜,高血脂慎,四季,烘焙/调味,蛋糕;咖啡,——,20-30g/餐,——,乳脂制品，口感香滑，热量很高。,现代营养学
炼乳,lian ru,食材,乳品,温,甘,脾;肺,健脾润肺,脾肺虚弱,气虚,适量为宜,糖尿病慎,四季,调味/直食,咖啡;茶,——,20-30g/次,——,浓缩甜奶，营养丰富但糖分高。,现代营养学
奶粉,nai fen,食材,乳品,平,甘,脾;肺,健脾润肺;补虚,脾肺虚弱;营养不良,平和、气虚,适量为宜,——,四季,冲调,——,——,25-30g/次,——,干燥牛奶，便于储存，营养全面。,现代营养学
驴奶,lv nai,食材,乳品,平,甘,肺;脾;肾,润肺健脾;滋肾,肺脾肾虚,平和,适量为宜,——,四季,直饮,——,——,200ml/次,——,珍贵乳品，营养成分接近人乳。,现代营养学
马奶,ma nai,食材,乳品,凉,甘;微酸,肺;胃,清肺润燥;助消化,肺热;消化不良,湿热,适量为宜,脾胃虚寒慎,夏,发酵饮用,——,——,200ml/次,——,草原特色，制作马奶酒的原料。,现代营养学
酪酸菌奶,lao suan jun nai,食材,乳品,平,甘;酸,脾;胃,健脾整肠;增免疫,肠道紊乱;免疫力低,平和,适量为宜,——,四季,直饮,——,——,100-200ml/次,——,功能性乳品，含特殊益生菌。,现代营养学
低脂奶,di zhi nai,食材,乳品,平,甘,脾;肺,健脾润肺,脾肺虚弱,平和,适量为宜,——,四季,直饮,——,——,200-300ml/次,——,脱脂或部分脱脂牛奶，热量较低。,现代营养学
全脂奶,quan zhi nai,食材,乳品,平,甘,脾;肺;肾,健脾润肺;补肾,脾肺肾虚,平和,适量为宜,高血脂慎,四季,直饮/烹调,麦片;咖啡,——,200-300ml/次,——,完整牛奶，营养全面，口感醇厚。,现代营养学
奶昔,nai xi,食材,乳品,凉,甘,脾;胃,健脾开胃,食欲不振,平和,适量为宜,糖尿病慎,四季,直饮,水果,——,200-300ml/次,——,牛奶与水果调制，口感丰富。,现代营养学
布丁,bu ding,食材,乳品,平,甘,脾,健脾,脾虚,平和,适量为宜,糖尿病慎,四季,直食,——,——,100-150g/次,——,奶制甜品，口感滑嫩。,现代营养学
芝士,zhi shi,食材,乳品,平,甘,脾;肾,健脾补肾,脾肾虚弱,平和,适量为宜,——,四季,直食/烘焙,饼干;面包,——,30-50g/餐,——,即奶酪，浓缩乳制品。,现代营养学
乳清蛋白,ru qing dan bai,食材,乳品,平,甘,脾;肾,健脾补肾;增肌,脾肾虚弱;肌肉不足,平和,适量为宜,——,四季,冲调,——,——,25-30g/次,——,高品质蛋白质，健身人群首选。,现代营养学
酸奶酪,suan nai lao,食材,乳品,凉,甘;酸,脾;胃,健脾助消化,脾胃虚弱;消化不良,平和,适量为宜,脾胃虚寒慎,四季,直食,蜂蜜;坚果,——,100-150g/次,——,发酵奶制品，酸甜可口。,现代营养学
绿茶,lv cha,食材,茶类,寒,苦;甘,心;肺;胃,清热解毒;生津止渴,热病;津伤,湿热、阴虚,适量为宜,脾胃虚寒慎,夏,泡饮,柠檬;薄荷,——,3-5g/泡,——,未发酵茶，清香淡雅，抗氧化强。,《茶经》/现代营养学
白茶,bai cha,食材,茶类,凉,甘;淡,肺;胃,清热润肺;解毒,肺热;热毒,湿热、阴虚,适量饮用,脾胃虚寒慎,夏,泡饮,——,——,3-5g/泡,——,轻微发酵茶，清淡甘甜，退热良药。,《茶经》/现代营养学
黄茶,huang cha,食材,茶类,平,甘;苦,脾;胃,健脾助消化,脾胃不和;消化不良,平和,适量饮用,——,四季,泡饮,——,——,3-5g/泡,——,轻发酵茶，黄汤黄叶，香气清悦。,《茶经》/现代营养学
黑茶,hei cha,食材,茶类,温,苦;甘,脾;胃,温胃消食;降脂,脾胃虚寒;高血脂,阳虚,适量饮用,——,冬,煮饮,奶;盐,——,5-10g/泡,——,后发酵茶，陈香醇厚，暖胃消食。,《茶经》/现代营养学
普洱茶,pu er cha,食材,茶类,平,苦;甘,脾;胃,消食化积;降脂减肥,食积;肥胖;高血脂,平和、痰湿,适量饮用,——,四季,泡饮/煮饮,——,——,5-8g/泡,——,后发酵茶，越陈越香，减肥消脂。,《茶经》/现代营养学
铁观音,tie guan yin,食材,茶类,平,苦;甘,心;肝;胃,清心明目;消食,心烦;食积,平和,适量饮用,——,四季,泡饮,——,——,5-8g/泡,——,乌龙茶极品，兰花香气，回甘持久。,《茶经》/现代营养学
龙井茶,long jing cha,食材,茶类,寒,苦;甘,心;肺,清热生津;明目,热病;目赤,湿热,适量饮用,脾胃虚寒慎,春、夏,泡饮,——,——,3-5g/泡,——,绿茶名品，色绿香郁，西湖龙井最著名。,《茶经》/现代营养学
碧螺春,bi luo chun,食材,茶类,寒,苦;甘,心;肺,清热解毒;生津,热病;津伤,湿热,适量饮用,脾胃虚寒慎,春、夏,泡饮,——,——,3g/泡,——,绿茶珍品，卷曲呈螺，花果香浓。,《茶经》/现代营养学
茉莉花茶,mo li hua cha,食材,茶类,平,甘;香,肝;脾;胃,疏肝理气;和胃,肝郁;胃胀,平和、气郁,适量饮用,——,四季,泡饮,——,——,3-5g/泡,——,花茶之王，茉莉花香与茶味完美结合。,《茶经》/现代营养学
柠檬茶,ning meng cha,食材,茶类,凉,酸;甘,肝;胃,生津止渴;化痰,津伤;痰多,湿热,适量饮用,胃酸过多慎,夏,泡饮,蜂蜜;薄荷,——,2-3片/泡,——,维C丰富，生津解腥，美白佳品。,现代营养学
薄荷茶,bo he cha,食材,茶类,凉,辛;凉,肺;肝,疏风清热;利咽,风热感冒;咽痛,湿热、风热,适量饮用,体虚多汗慎,夏,泡饮,柠檬;蜂蜜,——,3-5g/泡,——,清凉薄荷，疏风散热，清新口气。,《本草纲目》/现代营养学
蜂蜜柚子茶,feng mi you zi cha,食材,茶类,凉,甘;酸,肺;胃,润肺止咳;化痰,肺燥咳嗽;痰多,阴虚、燥热,适量饮用,脾胃虚寒慎,秋、冬,冲饮,——,——,20-30g/杯,——,韩式茶饮，润燥化痰，美容养颜。,现代营养学
柠檬蜂蜜茶,ning meng feng mi cha,食材,茶类,平,甘;酸,肺;胃,润肺生津;解毒,肺燥;津伤,阴虚,适量饮用,糖尿病慎,四季,冲饮,——,——,1勺蜂蜜+2片柠檬,——,天然饮品，润燥生津，增强免疫。,现代营养学
大麦茶,da mai cha,食材,茶类,凉,甘,脾;胃,健脾消食;清热,食积;暑热,湿热,适量饮用,脾胃虚寒慎,夏,煮饮,——,——,10-15g/泡,——,韩式茶饮，消食解腻，夏日佳品。,现代营养学
荞麦茶,qiao mai cha,食材,茶类,凉,甘;苦,脾;胃,健脾消食;降血糖,食积;糖尿病,湿热、平和,适量饮用,脾胃虚寒慎,四季,泡饮,——,——,5-10g/泡,——,无咖啡因，降糖降压，适合三高人群。,现代营养学
决明子茶,jue ming zi cha,食材,茶类,微寒,甘;苦;咸,肝;肾;大肠,清肝明目;润肠通便,肝火目赤;便秘,湿热、肝火,适量饮用,脾虚便溏慎,夏,泡饮,枸杞,——,10-15g/泡,——,明目佳品，润肠通便，但不宜久用。,《本草纲目》/现代营养学
冰糖,bing tang,食材,糖类,平,甘,脾;肺,润肺止咳;补中益气,肺燥咳嗽;中气不足,平和、气虚,适量为宜,糖尿病禁,四季,调味/炖煮,梨;银耳,——,10-20g/次,——,润肺佳品，炖品常用，清甜不腻。,《本草纲目》/现代营养学
白糖,bai tang,食材,糖类,平,甘,脾;肺,补中益气;润肺,中气不足;肺燥,平和,适量为宜,糖尿病禁,四季,调味,——,——,5-10g/次,——,最常用糖类，提供快速能量。,现代营养学
麦芽糖,mai ya tang,食材,糖类,温,甘,脾;胃,健脾益胃;润肺止咳,脾胃虚弱;肺燥咳嗽,脾虚、气虚,适量为宜,糖尿病禁,四季,直食/调味,——,——,10-20g/次,——,饴糖，传统糖果，健脾润肺。,《本草纲目》/现代营养学
木糖醇,mu tang chun,食材,糖类,平,甘,脾,健脾,脾虚,平和,适量为宜,多食腹泻,四季,调味,——,——,5-10g/次,——,代糖，不升血糖，护齿作用。,现代营养学
果糖,guo tang,食材,糖类,平,甘,脾;肝,健脾,脾虚,平和,适量为宜,果糖不耐慎,四季,调味,——,——,5-10g/次,——,天然果糖，甜度高，代谢不同于葡萄糖。,现代营养学
葡萄糖,pu tao tang,食材,糖类,平,甘,脾,补中益气;快速供能,低血糖;体力不支,平和,适量为宜,糖尿病禁,四季,冲饮,——,——,10-20g/次,——,最简单糖类，快速提供能量。,现代营养学
蔗糖,zhe tang,食材,糖类,平,甘,脾,补中益气,中气不足,平和,适量为宜,糖尿病禁,四季,调味,——,——,5-10g/次,——,即白糖，甘蔗提取的双糖。,现代营养学
黑糖,hei tang,食材,糖类,温,甘,肝;脾,补血健脾;活血,血虚;脾虚,血虚,适量为宜,糖尿病禁,冬,调味/冲饮,生姜,——,10-20g/次,——,未精制蔗糖，保留更多营养成分。,现代营养学
椰糖,ye tang,食材,糖类,平,甘,脾,健脾,脾虚,平和,适量为宜,糖尿病慎,四季,调味,——,——,10-15g/次,——,椰子花汁制成，天然低升糖指数。,现代营养学
枫糖,feng tang,食材,糖类,平,甘,脾;肺,健脾润肺,脾肺虚弱,平和,适量为宜,糖尿病慎,四季,调味,——,——,10-15g/次,——,枫树汁制成，独特风味，营养丰富。,现代营养学
甜菊糖,tian ju tang,食材,糖类,平,甘,脾,健脾,脾虚,平和,适量为宜,——,四季,调味,——,——,少量即可,——,天然甜味剂，甜度极高，几乎无热量。,现代营养学
阿斯巴甜,a si ba tian,食材,糖类,平,甘,——,代糖,——,平和,限量使用,苯丙酮尿症禁,四季,调味,——,——,少量即可,——,人工甜味剂，甜度极高，无热量。,现代营养学
赤藓糖醇,chi xian tang chun,食材,糖类,平,甘,脾,健脾,脾虚,平和,适量为宜,——,四季,调味,——,——,10-20g/次,——,天然代糖，口感接近蔗糖，几乎不被吸收。,现代营养学
茼蒿,tong hao,食材,蔬菜,平,甘;辛,脾;胃,和胃健脾;消食,脾胃不和;食积,平和,适量为宜,——,春、秋,炒/涮/汤,蒜;香菇,——,100-150g/餐,——,皇帝菜，特殊香味，营养丰富。,现代营养学
菜心,cai xin,食材,蔬菜,平,甘,肺;胃,润肺清胃,肺胃燥热,平和,适量为宜,——,春、秋,炒/汤,蒜;生抽,——,100-150g/餐,——,广东菜心，嫩滑清甜，营养价值高。,现代营养学
芥蓝,gai lan,食材,蔬菜,寒,甘;苦,肺;胃,清肺热;利咽喉,肺热;咽痛,湿热,适量为宜,脾胃虚寒慎,春、夏,炒,蒜;蚝油,——,100-150g/餐,——,芥蓝菜，清热降火，粤菜常用。,现代营养学
蚕豆苗,can dou miao,食材,蔬菜,平,甘,脾;肾,健脾补肾,脾肾虚弱,平和,适量为宜,——,春,炒,蒜,——,100-150g/餐,——,蚕豆嫩苗，营养丰富，春季珍蔬。,现代营养学
苦菊,ku ju,食材,蔬菜,寒,苦,心;肝;脾,清心火;解热毒,心火;热毒,湿热、肝火,适量为宜,脾胃虚寒慎,夏,凉拌,蒜;醋,——,50-100g/餐,——,苦味野菜，清热降火，凉拌佳品。,现代营养学
水菠菜,shui bo cai,食材,蔬菜,寒,甘,胃;大肠,清热利湿;凉血,热病;血热,湿热,适量为宜,脾胃虚寒慎,夏,炒,蒜,——,100-200g/餐,——,即空心菜，夏季清热蔬菜。,现代营养学
荠菜,qi cai,食材,蔬菜,凉,甘,肝;脾;肺,凉血止血;清肝明目,血热出血;肝火目赤,血热、肝火,适量为宜,脾胃虚寒慎,春,炒/包饺子,——,——,100-150g/餐,——,野菜之王，止血明目，春季佳蔬。,《本草纲目》/现代营养学
马齿苋,ma chi xian,食材,蔬菜,寒,酸,大肠;肝,清热解毒;凉血止血,热毒;痢疾;出血,湿热,适量为宜,孕妇慎,夏,凉拌/炒,蒜;醋,——,50-100g/餐,——,长寿菜，清热解毒，夏季野菜。,《本草纲目》/现代营养学
苦瓜叶,ku gua ye,食材,蔬菜,寒,苦,心;肝;脾;肺,清热解毒;明目,热病;目赤,湿热,适量为宜,脾胃虚寒慎,夏,炒/汤,蒜,——,100-150g/餐,——,苦瓜嫩叶，清热效果比苦瓜更强。,现代营养学
地瓜叶,di gua ye,食材,蔬菜,平,甘,脾;胃,健脾养胃;润肠,脾胃虚弱;便秘,平和,适量为宜,——,夏、秋,炒,蒜;辣椒,——,100-200g/餐,——,红薯叶，营养丰富，被誉为蔬菜皇后。,现代营养学
南瓜藤,nan gua teng,食材,蔬菜,平,甘,脾;胃,健脾和胃,脾胃虚弱,平和,适量为宜,——,夏,炒,蒜,——,100-150g/餐,——,南瓜嫩藤，口感清脆，夏季时蔬。,现代营养学
冬瓜藤,dong gua teng,食材,蔬菜,寒,甘;淡,膀胱;小肠,利水消肿;清热,水肿;热病,湿热,适量为宜,脾胃虚寒慎,夏,炒/汤,蒜,——,100-150g/餐,——,冬瓜嫩藤，清热利水，夏季佳蔬。,现代营养学
丝瓜叶,si gua ye,食材,蔬菜,寒,甘,肺;胃,清热化痰;利尿,热痰;小便不利,湿热,适量为宜,脾胃虚寒慎,夏,炒/汤,蒜,——,100-150g/餐,——,丝瓜嫩叶，清热化痰，夏季时蔬。,现代营养学
芹菜叶,qin cai ye,食材,蔬菜,凉,甘;苦,肝;肺;胃,平肝清热;利尿,肝阳上亢;水肿,肝火、湿热,适量为宜,脾胃虚寒慎,春、夏,炒/凉拌,——,——,50-100g/餐,——,芹菜叶比茎营养更丰富，不应丢弃。,现代营养学
萝卜缨,luo bo ying,食材,蔬菜,平,甘;辛,肺;胃,理气化痰;消食,痰多;食积,平和,适量为宜,——,秋、冬,凉拌/炒,——,——,100-150g/餐,——,萝卜叶，营养丰富，钙含量高。,现代营养学
胡萝卜缨,hu luo bo ying,食材,蔬菜,平,甘,肝;脾,明目健脾,目昏;脾虚,平和,适量为宜,——,秋、冬,凉拌/炒,——,——,100-150g/餐,——,胡萝卜叶，胡萝卜素含量极高。,现代营养学
苜蓿芽,mu xu ya,食材,蔬菜,凉,甘,肝;胃,清肝热;和胃,肝热;胃热,湿热,适量为宜,脾胃虚寒慎,春、夏,凉拌/炒,——,——,100-150g/餐,——,苜蓿嫩芽，营养价值高，清淡爽口。,现代营养学
红薯梗,hong shu geng,食材,蔬菜,平,甘,脾;胃,健脾和胃,脾胃虚弱,平和,适量为宜,——,夏、秋,炒,蒜;辣椒,——,100-150g/餐,——,红薯茎，去皮后炒食，口感爽脆。,现代营养学
牛油果,niu you guo,食材,水果,平,甘,肺;大肠,润肺润肠,肺燥;便秘,平和、阴虚,适量为宜,肥胖慎食,四季,直食/调理,——,——,半个/餐,——,鳄梨，富含不饱和脂肪酸，美容佳果。,现代营养学
百香果,bai xiang guo,食材,水果,平,甘;酸,肺;胃,生津止渴;化痰,津伤;痰多,平和,适量为宜,——,夏、秋,直食/饮品,蜂蜜,——,2-3个/餐,——,西番莲果，香味浓郁，维C丰富。,现代营养学
莲雾,lian wu,食材,水果,凉,甘,肺;胃,润肺清胃;利尿,肺胃燥热;小便不利,湿热,适量为宜,脾胃虚寒慎,夏,直食,——,——,3-5个/餐,——,台湾特产，清甜多汁，解渴佳果。,现代营养学
番石榴,fan shi liu,食材,水果,温,甘;涩,胃;肾,健胃止泻;固肾,脾胃虚弱;腹泻,脾虚,适量为宜,便秘者慎,秋、冬,直食,——,——,1个/餐,——,芭乐，维C含量极高，健胃固肠。,现代营养学
红毛丹,hong mao dan,食材,水果,温,甘,脾;肾,健脾补肾;益气,脾肾虚弱;气虚,阳虚,适量为宜,湿热慎食,夏,直食,——,——,5-8个/餐,——,热带水果，外形独特，温补效果好。,现代营养学
杨桃,yang tao,食材,水果,寒,甘;酸,肺;胃;膀胱,清热生津;利尿,热病;小便不利,湿热,适量为宜,肾病患者慎,夏、秋,直食,——,——,1-2个/餐,——,五敛子，生津止渴，但含草酸较多。,现代营养学
黑布林,hei bu lin,食材,水果,平,甘;酸,肝;肾,养肝补肾;生津,肝肾阴虚;津伤,阴虚,适量为宜,脾胃虚寒慎,夏,直食,——,——,3-5个/餐,——,黑李子，营养丰富，抗氧化能力强。,现代营养学
青梅,qing mei,食材,水果,平,酸,肝;脾;肺,生津止渴;敛肺止咳,津伤;久咳,平和,适量为宜,胃酸过多慎,夏,加工食用,——,——,1-2个/次,——,未熟梅子，多制成话梅、梅干等。,《本草纲目》
酸枣,suan zao,食材,水果,平,甘;酸,心;肝;胆,养心安神;敛汗,心神不安;虚汗,血虚、心神不宁,适量为宜,——,秋,直食/入药,——,——,10-20g/次,——,野生小枣，安神效果显著。,《本草纲目》/现代营养学
野生蓝莓,ye sheng lan mei,食材,水果,平,甘;微酸,肝;肺,明目护肝;抗氧化,视力减退;肝损伤,平和,适量为宜,——,夏,直食,——,——,50-100g/餐,——,花青素含量极高，护眼佳品。,现代营养学
黑加仑,hei jia lun,食材,水果,平,甘;酸,肝;肾,补肝肾;明目,肝肾不足;视力减退,阴虚,适量为宜,——,夏,直食,——,——,50-100g/餐,——,黑穗醋栗，营养密度极高，抗衰老。,现代营养学
蔓越莓,man yue mei,食材,水果,凉,甘;微酸,膀胱;肾,利尿;抗菌,尿路感染;膀胱炎,湿热,适量为宜,——,秋,直食/干品,——,——,30-50g/次,——,小红莓，预防尿路感染效果显著。,现代营养学
醋栗,cu li,食材,水果,凉,甘;酸,肝;胃,清肝热;助消化,肝热;消化不良,湿热,适量为宜,脾胃虚寒慎,夏,直食,——,——,50-100g/餐,——,灯笼果，酸甜可口，维C含量高。,现代营养学
沙棘,sha ji,食材,水果,温,甘;酸,脾;胃;肺,健脾止咳;活血,脾胃虚弱;咳嗽;血瘀,脾虚、血瘀,适量为宜,——,秋,加工食用,——,——,30-50g/次,——,维生素宝库，营养价值极高。,现代营养学
枸杞,gou qi,食材,水果,平,甘,肝;肾;肺,滋补肝肾;明目,肝肾阴虚;视力减退,阴虚,适量为宜,脾虚湿滞慎,四季,泡茶/煲汤,菊花;红枣,——,10-15g/次,——,红宝石，滋补佳品，药食两用。,《本草纲目》/现代营养学
豆豉,dou chi,食材,调料,平,苦;辛,肺;胃,解表散寒;宣肺,风寒感冒;胸闷,平和,适量为宜,——,四季,调味/炒制,青椒;肉类,——,10-20g/餐,——,发酵黑豆，特殊香味，粤菜常用。,《本草纲目》/现代营养学
腐乳,fu ru,食材,调料,平,甘;咸,脾;胃,健脾开胃,食欲不振,平和,适量为宜,高血压慎,四季,调味,通菜;猪肉,——,1-2块/餐,——,发酵豆腐，独特鲜味，开胃佳品。,现代营养学
鱼露,yu lu,食材,调料,平,咸;鲜,脾;胃,开胃,食欲不振,平和,适量为宜,高血压慎,四季,调味,蔬菜;海鲜,——,5-10ml/餐,——,鱼类发酵调料，东南亚菜必备。,现代营养学
海鲜酱,hai xian jiang,食材,调料,平,咸;鲜,肾,滋肾,肾虚,平和,适量为宜,高血压慎,四季,调味,蔬菜;豆腐,——,10-15ml/餐,——,虾米虾籽制成，海鲜风味浓郁。,现代营养学
沙茶酱,sha cha jiang,食材,调料,温,甘;辛,脾;胃,温胃散寒;开胃,胃寒;食欲不振,阳虚,适量为宜,——,四季,调味/蘸料,牛肉;羊肉,——,15-20g/餐,——,南洋风味，多种香料调制，火锅必备。,现代营养学
XO酱,XO jiang,食材,调料,温,甘;辛;咸,脾;胃,开胃健脾,脾胃虚弱,平和,适量为宜,高血压慎,四季,调味,海鲜;面条,——,10-15g/餐,——,高级调味品，干贝瑶柱制成，香港特色。,现代营养学
鲍鱼汁,bao yu zhi,食材,调料,平,甘;咸,肝;肾,滋肝肾,肝肾不足,平和,适量为宜,——,四季,调味,蔬菜;豆腐,——,15-20ml/餐,——,鲍鱼提取调料，高档菜品调味。,现代营养学
叉烧酱,cha shao jiang,食材,调料,平,甘;咸,脾;胃,健脾开胃,脾胃虚弱,平和,适量为宜,糖尿病慎,四季,腌制/调味,猪肉,——,20-30g/餐,——,粤式烧味调料，制作叉烧必备。,现代营养学
海苔,hai tai,食材,调料,寒,甘;咸,肺;肾,清肺化痰;软坚,痰多;瘿瘤,湿热、痰湿,适量为宜,脾胃虚寒慎,四季,直食/调味,——,——,3-5g/次,——,紫菜制品，富含碘质，健脑益智。,现代营养学
迷迭香,mi die xiang,食材,调料,温,辛;苦,心;肺,活血化瘀;提神,血瘀;神疲,血瘀,适量为宜,孕妇慎,四季,调味,肉类;土豆,——,1-2g/餐,——,西餐香草，抗氧化强，增强记忆。,现代营养学
百里香,bai li xiang,食材,调料,温,辛,肺;脾,温肺化痰;健脾,寒痰;脾虚,阳虚,适量为宜,——,四季,调味,肉类;汤品,——,1-2g/餐,——,西餐常用香草，杀菌消炎。,现代营养学
牛至,niu zhi,食材,调料,温,辛,肺;脾,温肺健脾,肺脾虚寒,阳虚,适量为宜,——,四季,调味,披萨;意面,——,1-2g/餐,——,意式香草，披萨必备，抗菌力强。,现代营养学
罗勒,luo le,食材,调料,温,辛;甘,脾;肺,温脾化湿;宣肺,脾胃湿滞;肺气不宣,湿阻,适量为宜,——,夏,调味,意面;沙拉,——,2-3g/餐,——,西餐之王，香味浓郁，意菜必备。,现代营养学
欧芹,ou qin,食材,调料,平,甘,肺;胃;膀胱,利尿;助消化,水肿;消化不良,湿阻,适量为宜,——,四季,调味/装饰,汤品;沙拉,——,2-3g/餐,——,香芹，西餐装饰，营养丰富。,现代营养学
香草,xiang cao,食材,调料,平,甘;香,脾;肺,芳香化湿;理气,湿阻;气滞,湿阻,适量为宜,——,四季,调味,甜品;饮品,——,1-2g/餐,——,香草精原料，甜品常用香料。,现代营养学
花生酱,hua sheng jiang,食材,调料,平,甘,肺;脾,润肺健脾,肺燥;脾虚,平和,适量为宜,肥胖慎食,四季,调味/直食,面包;饼干,——,15-20g/餐,——,花生制品，营养丰富，但热量高。,现代营养学
芥末,jie mo,食材,调料,热,辛,肺;胃,温肺化痰;开胃,寒痰;食欲不振,阳虚,少量使用,阴虚火旺禁,四季,调味/蘸料,生鱼片;凉菜,——,1-2g/餐,——,日式调料，杀菌力强，刺激性大。,《本草纲目》/现代营养学
猪心,zhu xin,食材,内脏,平,甘;咸,心,养心安神;补血,心神不安;心血不足,血虚、心神不宁,适量为宜,——,四季,炖/炒,莲子;红枣,——,100-150g/餐,——,以脏补脏，养心安神，治疗心悸失眠。,《本草纲目》/现代营养学
猪腰,zhu yao,食材,内脏,平,甘;咸,肾,补肾壮腰;利水,肾虚腰痛;水肿,肾虚,适量为宜,高血压慎,四季,炒/汤,韭菜;杜仲,——,100-150g/餐,——,猪肾，补肾强腰，但胆固醇较高。,《本草纲目》/现代营养学
猪肺,zhu fei,食材,内脏,平,甘,肺,补肺止咳;清热,肺虚咳嗽;肺热,肺虚,适量为宜,——,四季,炖汤,川贝;杏仁,——,100-200g/餐,——,补肺润燥，治疗肺虚久咳。,《本草纲目》/现代营养学
猪胃,zhu wei,食材,内脏,温,甘,胃,健胃消食;补虚,胃虚;消化不良,胃虚,适量为宜,——,四季,炖/卤,胡椒;生姜,——,100-150g/餐,——,猪肚，健胃消食，温中补虚。,《本草纲目》/现代营养学
鸡肝,ji gan,食材,内脏,温,甘;微苦,肝,补肝明目;养血,肝血不足;夜盲,血虚,适量为宜,高胆固醇慎,四季,炒,韭菜,——,50-80g/餐,——,比猪肝更温和，儿童补血佳品。,现代营养学
鸡心,ji xin,食材,内脏,平,甘,心,养心安神,心血不足,血虚,适量为宜,——,四季,炒/串烧,——,——,50-100g/餐,——,小巧精致，营养丰富，烧烤常用。,现代营养学
鸡胗,ji zhen,食材,内脏,平,甘,脾;胃,健脾消食;涩精,脾胃虚弱;遗精,脾虚,适量为宜,——,四季,炒/卤,青椒,——,100-150g/餐,——,鸡肫，健脾消积，口感爽脆。,《本草纲目》/现代营养学
鸭肝,ya gan,食材,内脏,平,甘,肝,养肝明目,肝血不足,血虚,适量为宜,高胆固醇慎,四季,炒,韭菜,——,50-80g/餐,——,性平不燥，适合体质偏热者。,现代营养学
鸭血,ya xue,食材,内脏,平,咸,肝,养血;解毒,血虚;中毒,血虚,适量为宜,——,四季,汤/火锅,韭菜;豆腐,——,100-150g/餐,——,补血佳品，嫩滑可口，火锅必备。,现代营养学
猪血,zhu xue,食材,内脏,平,咸,心;肝,养血;清肺,血虚;尘肺,血虚,适量为宜,——,四季,汤/炒,韭菜;豆腐,——,100-150g/餐,——,血豆腐，清肺补血，环境污染克星。,现代营养学
羊肝,yang gan,食材,内脏,温,甘;苦,肝,补肝明目;养血,肝血虚;夜盲,血虚、阳虚,适量为宜,高胆固醇慎,秋、冬,炒/汤,韭菜,——,50-100g/餐,——,温补效果强于猪肝，适合虚寒体质。,《本草纲目》/现代营养学
羊腰,yang yao,食材,内脏,温,甘,肾,补肾壮阳;益精,肾阳虚;阳痿,肾阳虚,适量为宜,——,秋、冬,炒/汤,韭菜;杜仲,——,100-150g/餐,——,羊肾，温补肾阳，壮阳效果显著。,《本草纲目》/现代营养学
牛肝,niu gan,食材,内脏,平,甘,肝,补肝明目;养血,肝血不足;贫血,血虚,适量为宜,高胆固醇慎,四季,炒,韭菜;洋葱,——,50-100g/餐,——,营养密度高，铁质丰富，补血效果好。,现代营养学
牛心,niu xin,食材,内脏,平,甘,心,养心安神,心血不足,血虚,适量为宜,——,四季,炖/烧烤,——,——,100-150g/餐,——,蛋白质含量高，口感厚实。,现代营养学
牛百叶,niu bai ye,食材,内脏,平,甘,脾;胃,健脾益胃,脾胃虚弱,脾虚,适量为宜,——,四季,涮/炒,——,——,100-150g/餐,——,牛胃，口感爽脆，火锅涮品。,现代营养学
牛舌,niu she,食材,内脏,平,甘,心;脾,补心健脾,心脾不足,气血虚,适量为宜,——,四季,烧烤/炖,——,——,100-150g/餐,——,高档食材，肉质嫩滑，营养丰富。,现代营养学
鹅肝,e gan,食材,内脏,平,甘,肝,养肝明目,肝血不足,血虚,少量为宜,高胆固醇慎,四季,煎/炒,——,——,50-80g/餐,——,法式珍品，营养丰富但脂肪含量极高。,现代营养学
龙虾,long xia,食材,海产类,凉、热,辛甘、淡,心;小肠;肺;脾;胃;肝;肾;胆,补益气血;健脑,疲倦;贫血,湿热、阴虚、气虚、血虚、阳虚,适量使用;忌过量,孕妇慎；脾虚湿盛慎；实热内盛慎；阴虚火旺慎,四季,外用/蒸食/生食/炖煮/熬膏/煎服/泡茶,姜;葱;米,辛辣;油腻,100-200g/餐,——,广泛用于日常食疗、药膳及复方中，兼具营养与药理特性。,《本草纲目》要点/现代药理参考
西红柿,xi hong shi,食材,蔬菜,微寒,酸、甘,肝;胃,清热解毒;生津止渴;健胃消食,热病伤津;食欲不振;高血压,湿热、阴虚、平和,适量为宜,脾胃虚寒慎,夏、秋,生食/炒制/煮汤,鸡蛋;牛肉;豆腐,胡萝卜;白萝卜,150-250g/餐,——,富含番茄红素、维生素C，具抗氧化、护心血管作用。,现代营养学
